,t(df),Pos,Ref,Alt,Freq
summary.model..coef.6...Pr...z....,0.982245497,3,T,C,1
summary.model..coef.6...Pr...z.....1,0.76477519,55,T,C,4
summary.model..coef.6...Pr...z.....2,0.974806541,64,C,T,8
summary.model..coef.6...Pr...z.....3,0.980041612,73,A,G,458
summary.model..coef.6...Pr...z.....4,0.980068836,75,G,A,1
summary.model..coef.6...Pr...z.....5,0.706909394,93,A,G,15
summary.model..coef.6...Pr...z.....6,0.979320174,94,G,A,4
summary.model..coef.6...Pr...z.....7,0.596600182,95,A,C,4
summary.model..coef.6...Pr...z.....8,0.976960843,103,G,A,1
summary.model..coef.6...Pr...z.....9,0.982365183,113,C,T,1
summary.model..coef.6...Pr...z.....10,0.928080877,114,C,T,15
summary.model..coef.6...Pr...z.....11,0.981562442,119,T,C,1
summary.model..coef.6...Pr...z.....12,0.979408739,131,T,C,1
summary.model..coef.6...Pr...z.....13,0.152661207,143,G,A,11
summary.model..coef.6...Pr...z.....14,0.276360141,146,T,C,80
summary.model..coef.6...Pr...z.....15,0.6776302,150,C,T,91
summary.model..coef.6...Pr...z.....16,0.667380061,151,C,T,13
summary.model..coef.6...Pr...z.....17,0.095672975,152,T,C,194
summary.model..coef.6...Pr...z.....18,0.598496816,153,A,G,14
summary.model..coef.6...Pr...z.....19,0.981268934,154,T,C,1
summary.model..coef.6...Pr...z.....20,0.977172336,158,T,A,1
summary.model..coef.6...Pr...z.....21,0.979760596,178,A,G,1
summary.model..coef.6...Pr...z.....22,0.977837293,179,T,C,1
summary.model..coef.6...Pr...z.....23,0.629154245,182,C,T,9
summary.model..coef.6...Pr...z.....24,0.982252381,183,A,G,1
summary.model..coef.6...Pr...z.....25,0.298760072,188,A,G,8
summary.model..coef.6...Pr...z.....26,0.074202173,194,C,T,8
summary.model..coef.6...Pr...z.....27,0.602609843,198,C,T,12
summary.model..coef.6...Pr...z.....28,0.998836181,199,T,C,40
summary.model..coef.6...Pr...z.....29,0.305265073,200,A,G,8
summary.model..coef.6...Pr...z.....30,0.98312337,201,A,G,1
summary.model..coef.6...Pr...z.....31,0.043733628,203,G,A,4
summary.model..coef.6...Pr...z.....32,0.423534618,204,T,C,53
summary.model..coef.6...Pr...z.....33,0.470287182,207,G,A,35
summary.model..coef.6...Pr...z.....34,0.979819599,208,T,C,1
summary.model..coef.6...Pr...z.....35,0.980632774,209,T,A,1
summary.model..coef.6...Pr...z.....36,0.980977523,212,T,C,1
summary.model..coef.6...Pr...z.....37,0.80780079,215,A,G,8
summary.model..coef.6...Pr...z.....38,0.43112084,217,T,C,11
summary.model..coef.6...Pr...z.....39,0.982209892,222,C,T,1
summary.model..coef.6...Pr...z.....40,0.809231478,225,G,A,6
summary.model..coef.6...Pr...z.....41,0.681761808,226,T,C,3
summary.model..coef.6...Pr...z.....42,0.979639157,227,A,G,2
summary.model..coef.6...Pr...z.....43,0.120579217,228,G,A,38
summary.model..coef.6...Pr...z.....44,0.982777366,230,A,T,1
summary.model..coef.6...Pr...z.....45,0.982660136,234,A,G,1
summary.model..coef.6...Pr...z.....46,0.857564871,235,A,G,7
summary.model..coef.6...Pr...z.....47,0.980196769,236,T,C,2
summary.model..coef.6...Pr...z.....48,0.40337042,239,T,C,24
summary.model..coef.6...Pr...z.....49,0.982568493,241,A,G,1
summary.model..coef.6...Pr...z.....50,0.638124933,242,C,T,5
summary.model..coef.6...Pr...z.....51,0.979542064,246,T,C,1
summary.model..coef.6...Pr...z.....52,0.981703892,249,A,G,1
summary.model..coef.6...Pr...z.....53,0.779695958,250,T,C,27
summary.model..coef.6...Pr...z.....54,0.974248646,257,A,G,4
summary.model..coef.6...Pr...z.....55,0.744873908,263,A,G,802
summary.model..coef.6...Pr...z.....56,0.97789867,264,C,T,1
summary.model..coef.6...Pr...z.....57,0.98261356,271,C,T,1
summary.model..coef.6...Pr...z.....58,0.84232203,279,T,C,5
summary.model..coef.6...Pr...z.....59,0.95090839,282,T,C,4
summary.model..coef.6...Pr...z.....60,0.979865092,284,A,G,1
summary.model..coef.6...Pr...z.....61,0.979950585,285,C,T,2
summary.model..coef.6...Pr...z.....62,0.977797126,292,T,C,1
summary.model..coef.6...Pr...z.....63,0.552123107,293,T,C,2
summary.model..coef.6...Pr...z.....64,0.244485998,295,C,T,69
summary.model..coef.6...Pr...z.....65,0.979898859,297,A,G,2
summary.model..coef.6...Pr...z.....66,0.378959519,309,C,T,11
summary.model..coef.6...Pr...z.....67,0.768703123,310,T,C,442
summary.model..coef.6...Pr...z.....68,0.864559082,319,T,C,7
summary.model..coef.6...Pr...z.....69,0.979745458,321,T,C,1
summary.model..coef.6...Pr...z.....70,0.982549992,325,C,T,1
summary.model..coef.6...Pr...z.....71,0.98199211,327,C,T,1
summary.model..coef.6...Pr...z.....72,0.724013089,340,C,T,6
summary.model..coef.6...Pr...z.....73,0.982935215,357,A,G,3
summary.model..coef.6...Pr...z.....74,0.980927748,368,A,G,3
summary.model..coef.6...Pr...z.....75,0.980843658,377,C,T,1
summary.model..coef.6...Pr...z.....76,0.982252381,382,C,T,1
summary.model..coef.6...Pr...z.....77,0.876280044,385,A,G,6
summary.model..coef.6...Pr...z.....78,0.979534544,391,T,C,2
summary.model..coef.6...Pr...z.....79,0.313552432,394,C,T,2
summary.model..coef.6...Pr...z.....80,0.975790735,408,T,A,3
summary.model..coef.6...Pr...z.....81,0.983370598,417,G,A,2
summary.model..coef.6...Pr...z.....82,0.467667905,418,C,T,2
summary.model..coef.6...Pr...z.....83,0.980562315,453,T,C,1
summary.model..coef.6...Pr...z.....84,0.265404507,456,C,T,29
summary.model..coef.6...Pr...z.....85,0.274639616,462,C,T,55
summary.model..coef.6...Pr...z.....86,0.400438676,469,C,T,2
summary.model..coef.6...Pr...z.....87,0.979899672,471,T,C,1
summary.model..coef.6...Pr...z.....88,0.977916918,477,T,C,17
summary.model..coef.6...Pr...z.....89,0.014534728,482,T,C,10
summary.model..coef.6...Pr...z.....90,0.982680387,485,T,C,1
summary.model..coef.6...Pr...z.....91,0.518459274,489,T,C,84
summary.model..coef.6...Pr...z.....92,0.982745242,493,A,G,1
summary.model..coef.6...Pr...z.....93,0.977954251,495,C,T,1
summary.model..coef.6...Pr...z.....94,0.108233987,497,C,T,45
summary.model..coef.6...Pr...z.....95,0.573928569,498,C,T,2
summary.model..coef.6...Pr...z.....96,0.67419589,499,G,A,25
summary.model..coef.6...Pr...z.....97,0.979897645,507,T,C,1
summary.model..coef.6...Pr...z.....98,0.407948474,508,A,G,11
summary.model..coef.6...Pr...z.....99,0.470803461,512,A,C,6
summary.model..coef.6...Pr...z.....100,0.980819447,516,C,T,1
summary.model..coef.6...Pr...z.....101,0.982275382,517,A,T,1
summary.model..coef.6...Pr...z.....102,0.981684999,532,A,G,1
summary.model..coef.6...Pr...z.....103,0.977140451,534,C,T,1
summary.model..coef.6...Pr...z.....104,0.979850949,538,A,C,1
summary.model..coef.6...Pr...z.....105,0.977954251,539,T,C,1
summary.model..coef.6...Pr...z.....106,0.980632774,552,C,A,1
summary.model..coef.6...Pr...z.....107,0.981718206,569,C,T,2
summary.model..coef.6...Pr...z.....108,0.313552432,575,C,T,2
summary.model..coef.6...Pr...z.....109,0.982474793,592,C,T,2
summary.model..coef.6...Pr...z.....110,0.982680387,629,T,C,2
summary.model..coef.6...Pr...z.....111,0.980436652,631,A,G,1
summary.model..coef.6...Pr...z.....112,0.46782494,663,A,G,5
summary.model..coef.6...Pr...z.....113,0.980559581,669,T,C,2
summary.model..coef.6...Pr...z.....114,0.982549992,680,T,C,1
summary.model..coef.6...Pr...z.....115,0.521068607,709,G,A,123
summary.model..coef.6...Pr...z.....116,0.982935215,710,T,C,3
summary.model..coef.6...Pr...z.....117,0.980445734,711,T,C,1
summary.model..coef.6...Pr...z.....118,0.98312337,722,C,T,1
summary.model..coef.6...Pr...z.....119,0.980436652,739,C,T,1
summary.model..coef.6...Pr...z.....120,0.981687982,742,T,C,1
summary.model..coef.6...Pr...z.....121,0.982159897,746,A,G,1
summary.model..coef.6...Pr...z.....122,0.980436652,748,G,A,1
summary.model..coef.6...Pr...z.....123,0.439298145,750,A,G,801
summary.model..coef.6...Pr...z.....124,0.979426593,751,A,G,1
summary.model..coef.6...Pr...z.....125,0.896433234,769,G,A,15
summary.model..coef.6...Pr...z.....126,0.983551877,789,T,C,2
summary.model..coef.6...Pr...z.....127,0.979863229,794,T,A,1
summary.model..coef.6...Pr...z.....128,0.979995723,795,A,G,1
summary.model..coef.6...Pr...z.....129,0.982157734,801,A,G,1
summary.model..coef.6...Pr...z.....130,0.979634102,813,A,G,1
summary.model..coef.6...Pr...z.....131,0.980961501,825,T,A,7
summary.model..coef.6...Pr...z.....132,0.615637953,827,A,G,7
summary.model..coef.6...Pr...z.....133,0.978597412,850,T,C,1
summary.model..coef.6...Pr...z.....134,0.982480041,896,A,G,2
summary.model..coef.6...Pr...z.....135,0.978190486,921,T,C,3
summary.model..coef.6...Pr...z.....136,0.085325784,930,G,A,39
summary.model..coef.6...Pr...z.....137,0.979232732,942,A,G,1
summary.model..coef.6...Pr...z.....138,0.660139273,951,G,A,10
summary.model..coef.6...Pr...z.....139,0.462136811,961,T,G,13
summary.model..coef.6...Pr...z.....140,0.979606369,979,C,T,2
summary.model..coef.6...Pr...z.....141,0.346581023,980,T,C,7
summary.model..coef.6...Pr...z.....142,0.97723464,990,T,C,1
summary.model..coef.6...Pr...z.....143,0.98144259,1000,T,G,1
summary.model..coef.6...Pr...z.....144,0.896433234,1018,G,A,15
summary.model..coef.6...Pr...z.....145,0.980196769,1048,C,T,1
summary.model..coef.6...Pr...z.....146,0.982568493,1095,T,C,1
summary.model..coef.6...Pr...z.....147,0.982767808,1187,T,C,1
summary.model..coef.6...Pr...z.....148,0.047018932,1189,T,C,55
summary.model..coef.6...Pr...z.....149,0.979863229,1193,T,C,3
summary.model..coef.6...Pr...z.....150,0.982012841,1198,A,G,1
summary.model..coef.6...Pr...z.....151,0.803625429,1243,T,C,15
summary.model..coef.6...Pr...z.....152,0.980177613,1290,C,T,1
summary.model..coef.6...Pr...z.....153,0.979898859,1291,T,C,1
summary.model..coef.6...Pr...z.....154,0.982686659,1303,G,A,1
summary.model..coef.6...Pr...z.....155,0.976747542,1374,A,T,1
summary.model..coef.6...Pr...z.....156,0.615426357,1391,T,C,2
summary.model..coef.6...Pr...z.....157,0.978821803,1393,G,A,2
summary.model..coef.6...Pr...z.....158,0.972826163,1406,T,C,5
summary.model..coef.6...Pr...z.....159,0.982026094,1420,T,C,1
summary.model..coef.6...Pr...z.....160,0.870177455,1438,A,G,784
summary.model..coef.6...Pr...z.....161,0.653450975,1442,G,A,3
summary.model..coef.6...Pr...z.....162,0.123615392,1462,G,A,4
summary.model..coef.6...Pr...z.....163,0.981801473,1503,G,A,1
summary.model..coef.6...Pr...z.....164,0.983319957,1508,C,T,2
summary.model..coef.6...Pr...z.....165,0.982366384,1530,A,G,1
summary.model..coef.6...Pr...z.....166,0.8496051,1555,A,G,2
summary.model..coef.6...Pr...z.....167,0.849791853,1598,G,A,5
summary.model..coef.6...Pr...z.....168,0.980527273,1647,T,C,1
summary.model..coef.6...Pr...z.....169,0.351537773,1664,G,A,3
summary.model..coef.6...Pr...z.....170,0.979863229,1692,A,T,1
summary.model..coef.6...Pr...z.....171,0.408417076,1700,T,C,17
summary.model..coef.6...Pr...z.....172,0.849791853,1703,C,T,5
summary.model..coef.6...Pr...z.....173,0.467667905,1706,C,T,2
summary.model..coef.6...Pr...z.....174,0.719628081,1709,G,A,3
summary.model..coef.6...Pr...z.....175,0.58755235,1719,G,A,48
summary.model..coef.6...Pr...z.....176,0.427022243,1721,C,T,11
summary.model..coef.6...Pr...z.....177,0.98195557,1733,C,T,1
summary.model..coef.6...Pr...z.....178,0.46782494,1736,A,G,5
summary.model..coef.6...Pr...z.....179,0.982935215,1738,T,C,3
summary.model..coef.6...Pr...z.....180,0.979897645,1766,T,C,1
summary.model..coef.6...Pr...z.....181,0.975636793,1822,T,C,3
summary.model..coef.6...Pr...z.....182,0.982133703,1833,C,T,1
summary.model..coef.6...Pr...z.....183,0.977181452,1836,A,G,1
summary.model..coef.6...Pr...z.....184,0.757077251,1850,T,C,6
summary.model..coef.6...Pr...z.....185,0.495065035,1888,G,A,82
summary.model..coef.6...Pr...z.....186,0.981703892,1896,T,C,1
summary.model..coef.6...Pr...z.....187,0.982252381,1900,A,G,1
summary.model..coef.6...Pr...z.....188,0.980238638,1978,A,C,1
summary.model..coef.6...Pr...z.....189,0.981956558,2083,T,C,1
summary.model..coef.6...Pr...z.....190,0.940121743,2098,G,A,7
summary.model..coef.6...Pr...z.....191,0.979563776,2145,G,A,1
summary.model..coef.6...Pr...z.....192,0.638124933,2158,T,C,5
summary.model..coef.6...Pr...z.....193,0.982012841,2159,T,C,1
summary.model..coef.6...Pr...z.....194,0.981897237,2217,C,T,1
summary.model..coef.6...Pr...z.....195,0.981703892,2218,C,T,1
summary.model..coef.6...Pr...z.....196,0.980196769,2245,A,G,1
summary.model..coef.6...Pr...z.....197,0.981850129,2258,A,G,1
summary.model..coef.6...Pr...z.....198,0.489556797,2259,C,T,7
summary.model..coef.6...Pr...z.....199,0.981602222,2285,T,C,1
summary.model..coef.6...Pr...z.....200,0.922544368,2294,A,G,4
summary.model..coef.6...Pr...z.....201,0.653450975,2332,C,T,3
summary.model..coef.6...Pr...z.....202,0.982705669,2344,C,T,1
summary.model..coef.6...Pr...z.....203,0.981784845,2351,T,C,2
summary.model..coef.6...Pr...z.....204,0.602828583,2352,T,C,10
summary.model..coef.6...Pr...z.....205,0.983688275,2355,A,G,2
summary.model..coef.6...Pr...z.....206,0.97994146,2356,A,G,1
summary.model..coef.6...Pr...z.....207,0.467667905,2358,A,G,2
summary.model..coef.6...Pr...z.....208,0.983915648,2361,G,A,2
summary.model..coef.6...Pr...z.....209,0.924661728,2387,T,C,2
summary.model..coef.6...Pr...z.....210,0.983027627,2397,C,T,1
summary.model..coef.6...Pr...z.....211,0.099364006,2416,T,C,8
summary.model..coef.6...Pr...z.....212,0.9817739,2442,T,C,5
summary.model..coef.6...Pr...z.....213,0.98280479,2483,T,C,1
summary.model..coef.6...Pr...z.....214,0.979560357,2486,T,C,1
summary.model..coef.6...Pr...z.....215,0.982978295,2526,C,T,2
summary.model..coef.6...Pr...z.....216,0.981139591,2550,A,T,1
summary.model..coef.6...Pr...z.....217,0.977559269,2581,A,G,3
summary.model..coef.6...Pr...z.....218,0.980288491,2626,T,C,1
summary.model..coef.6...Pr...z.....219,0.849791853,2639,C,T,5
summary.model..coef.6...Pr...z.....220,0.978895163,2649,T,C,1
summary.model..coef.6...Pr...z.....221,0.9825718,2668,A,G,1
summary.model..coef.6...Pr...z.....222,0.980559581,2702,G,A,2
summary.model..coef.6...Pr...z.....223,0.770140727,2706,A,G,485
summary.model..coef.6...Pr...z.....224,0.982209892,2707,A,G,1
summary.model..coef.6...Pr...z.....225,0.208933413,2755,A,G,3
summary.model..coef.6...Pr...z.....226,0.977453944,2757,A,G,3
summary.model..coef.6...Pr...z.....227,0.980961501,2758,G,A,7
summary.model..coef.6...Pr...z.....228,0.982935215,2768,A,G,3
summary.model..coef.6...Pr...z.....229,0.775508133,2772,C,T,2
summary.model..coef.6...Pr...z.....230,0.321643337,2789,C,T,6
summary.model..coef.6...Pr...z.....231,0.97762239,2803,A,G,1
summary.model..coef.6...Pr...z.....232,0.981630459,2833,A,G,1
summary.model..coef.6...Pr...z.....233,0.982119109,2835,C,T,1
summary.model..coef.6...Pr...z.....234,0.983734966,2849,G,A,2
summary.model..coef.6...Pr...z.....235,0.364683828,2850,T,C,4
summary.model..coef.6...Pr...z.....236,0.977796349,2851,A,G,1
summary.model..coef.6...Pr...z.....237,0.98144259,2882,T,C,1
summary.model..coef.6...Pr...z.....238,0.980961501,2885,T,C,7
summary.model..coef.6...Pr...z.....239,0.981586993,2886,A,G,1
summary.model..coef.6...Pr...z.....240,0.815511825,3010,G,A,166
summary.model..coef.6...Pr...z.....241,0.558753251,3027,T,C,4
summary.model..coef.6...Pr...z.....242,0.978901566,3083,T,C,1
summary.model..coef.6...Pr...z.....243,0.669023604,3116,C,T,2
summary.model..coef.6...Pr...z.....244,0.983534532,3150,T,C,2
summary.model..coef.6...Pr...z.....245,0.977246942,3156,A,G,1
summary.model..coef.6...Pr...z.....246,0.313552432,3170,C,A,2
summary.model..coef.6...Pr...z.....247,0.982686659,3192,C,T,1
summary.model..coef.6...Pr...z.....248,0.977758583,3196,G,A,1
summary.model..coef.6...Pr...z.....249,0.669981349,3197,T,C,66
summary.model..coef.6...Pr...z.....250,0.982549992,3200,T,A,1
summary.model..coef.6...Pr...z.....251,0.977386665,3203,A,G,1
summary.model..coef.6...Pr...z.....252,0.980168224,3212,C,T,1
summary.model..coef.6...Pr...z.....253,0.980342103,3213,A,G,1
summary.model..coef.6...Pr...z.....254,0.981514083,3221,A,G,1
summary.model..coef.6...Pr...z.....255,0.98280479,3277,G,A,1
summary.model..coef.6...Pr...z.....256,0.983447137,3316,G,A,2
summary.model..coef.6...Pr...z.....257,0.980559581,3336,T,C,2
summary.model..coef.6...Pr...z.....258,0.976080603,3337,G,A,3
summary.model..coef.6...Pr...z.....259,0.982275382,3338,T,C,1
summary.model..coef.6...Pr...z.....260,0.981103446,3348,A,G,2
summary.model..coef.6...Pr...z.....261,0.049506381,3394,T,C,10
summary.model..coef.6...Pr...z.....262,0.97270848,3396,T,C,4
summary.model..coef.6...Pr...z.....263,0.982960858,3397,A,G,1
summary.model..coef.6...Pr...z.....264,0.5099867,3398,T,C,3
summary.model..coef.6...Pr...z.....265,0.168265567,3420,C,T,2
summary.model..coef.6...Pr...z.....266,0.983027627,3421,G,A,1
summary.model..coef.6...Pr...z.....267,0.979107736,3426,A,G,1
summary.model..coef.6...Pr...z.....268,0.980436652,3434,A,G,1
summary.model..coef.6...Pr...z.....269,0.975275733,3438,G,A,2
summary.model..coef.6...Pr...z.....270,0.087325138,3447,A,G,9
summary.model..coef.6...Pr...z.....271,0.430185611,3450,C,T,4
summary.model..coef.6...Pr...z.....272,0.221407476,3480,A,G,70
summary.model..coef.6...Pr...z.....273,0.977674873,3483,G,A,1
summary.model..coef.6...Pr...z.....274,0.977390562,3495,C,A,1
summary.model..coef.6...Pr...z.....275,0.963767795,3505,A,G,16
summary.model..coef.6...Pr...z.....276,0.980196769,3516,C,A,1
summary.model..coef.6...Pr...z.....277,0.979329059,3531,G,A,3
summary.model..coef.6...Pr...z.....278,0.982578863,3546,C,A,1
summary.model..coef.6...Pr...z.....279,0.493295036,3547,A,G,9
summary.model..coef.6...Pr...z.....280,0.979606369,3567,C,T,1
summary.model..coef.6...Pr...z.....281,0.983817294,3588,C,T,2
summary.model..coef.6...Pr...z.....282,0.694676771,3591,G,A,6
summary.model..coef.6...Pr...z.....283,0.982410148,3592,G,A,1
summary.model..coef.6...Pr...z.....284,0.896433234,3594,C,T,15
summary.model..coef.6...Pr...z.....285,0.982595915,3606,A,G,1
summary.model..coef.6...Pr...z.....286,0.981892642,3613,C,T,1
summary.model..coef.6...Pr...z.....287,0.979662512,3627,C,T,1
summary.model..coef.6...Pr...z.....288,0.480827073,3644,T,C,2
summary.model..coef.6...Pr...z.....289,0.324658337,3666,G,A,9
summary.model..coef.6...Pr...z.....290,0.982190292,3672,A,G,2
summary.model..coef.6...Pr...z.....291,0.982935215,3693,G,A,3
summary.model..coef.6...Pr...z.....292,0.974181789,3705,G,A,4
summary.model..coef.6...Pr...z.....293,0.981897237,3714,A,G,1
summary.model..coef.6...Pr...z.....294,0.407948474,3720,A,G,11
summary.model..coef.6...Pr...z.....295,0.9810595,3721,A,G,1
summary.model..coef.6...Pr...z.....296,0.981801473,3732,T,C,1
summary.model..coef.6...Pr...z.....297,0.321352033,3736,G,A,2
summary.model..coef.6...Pr...z.....298,0.983263648,3738,C,T,2
summary.model..coef.6...Pr...z.....299,0.9778133,3741,C,T,3
summary.model..coef.6...Pr...z.....300,0.979919283,3744,A,G,1
summary.model..coef.6...Pr...z.....301,0.978904908,3745,G,A,2
summary.model..coef.6...Pr...z.....302,0.979052723,3750,C,T,1
summary.model..coef.6...Pr...z.....303,0.98300589,3768,A,G,1
summary.model..coef.6...Pr...z.....304,0.980681187,3776,G,A,1
summary.model..coef.6...Pr...z.....305,0.979471148,3777,T,C,1
summary.model..coef.6...Pr...z.....306,0.977303062,3788,A,G,1
summary.model..coef.6...Pr...z.....307,0.980342103,3801,T,C,1
summary.model..coef.6...Pr...z.....308,0.983328818,3819,C,T,3
summary.model..coef.6...Pr...z.....309,0.973322832,3826,T,C,3
summary.model..coef.6...Pr...z.....310,0.979898859,3843,A,G,2
summary.model..coef.6...Pr...z.....311,0.98155634,3847,T,C,5
summary.model..coef.6...Pr...z.....312,0.751108179,3849,G,A,4
summary.model..coef.6...Pr...z.....313,0.978719791,3852,C,T,1
summary.model..coef.6...Pr...z.....314,0.677304212,3861,A,G,4
summary.model..coef.6...Pr...z.....315,0.471651978,3865,A,G,2
summary.model..coef.6...Pr...z.....316,0.367730657,3915,G,A,16
summary.model..coef.6...Pr...z.....317,0.980092534,3918,G,A,3
summary.model..coef.6...Pr...z.....318,0.979471148,3970,C,T,1
summary.model..coef.6...Pr...z.....319,0.043733628,3990,C,T,4
summary.model..coef.6...Pr...z.....320,0.879556561,3992,C,T,11
summary.model..coef.6...Pr...z.....321,0.271910336,4023,T,C,2
summary.model..coef.6...Pr...z.....322,0.879556561,4024,A,G,11
summary.model..coef.6...Pr...z.....323,0.532872923,4025,C,T,2
summary.model..coef.6...Pr...z.....324,0.240079792,4047,T,C,2
summary.model..coef.6...Pr...z.....325,0.982618493,4048,G,A,2
summary.model..coef.6...Pr...z.....326,0.977717421,4053,A,G,1
summary.model..coef.6...Pr...z.....327,0.982536222,4056,C,T,1
summary.model..coef.6...Pr...z.....328,0.979712242,4059,C,T,1
summary.model..coef.6...Pr...z.....329,0.982618493,4071,C,T,2
summary.model..coef.6...Pr...z.....330,0.982589145,4079,A,G,1
summary.model..coef.6...Pr...z.....331,0.982410148,4084,G,A,1
summary.model..coef.6...Pr...z.....332,0.979471148,4086,C,T,2
summary.model..coef.6...Pr...z.....333,0.982560033,4092,G,A,1
summary.model..coef.6...Pr...z.....334,0.979170017,4093,A,G,1
summary.model..coef.6...Pr...z.....335,0.977796349,4095,C,T,1
summary.model..coef.6...Pr...z.....336,0.668418514,4104,A,G,17
summary.model..coef.6...Pr...z.....337,0.98389176,4129,A,G,2
summary.model..coef.6...Pr...z.....338,0.980052938,4131,A,G,1
summary.model..coef.6...Pr...z.....339,0.979365081,4135,T,C,1
summary.model..coef.6...Pr...z.....340,0.982048321,4136,A,G,1
summary.model..coef.6...Pr...z.....341,0.467667905,4158,A,G,2
summary.model..coef.6...Pr...z.....342,0.976906447,4164,A,G,3
summary.model..coef.6...Pr...z.....343,0.981803164,4171,C,T,1
summary.model..coef.6...Pr...z.....344,0.980454805,4180,A,G,1
summary.model..coef.6...Pr...z.....345,0.982589145,4182,C,T,1
summary.model..coef.6...Pr...z.....346,0.982578863,4188,A,G,1
summary.model..coef.6...Pr...z.....347,0.984104399,4204,T,C,3
summary.model..coef.6...Pr...z.....348,0.640533402,4216,T,C,153
summary.model..coef.6...Pr...z.....349,0.97270848,4218,T,C,4
summary.model..coef.6...Pr...z.....350,0.643832688,4221,C,T,3
summary.model..coef.6...Pr...z.....351,0.98045347,4230,C,T,1
summary.model..coef.6...Pr...z.....352,0.97939147,4232,T,C,1
summary.model..coef.6...Pr...z.....353,0.982745242,4242,C,T,1
summary.model..coef.6...Pr...z.....354,0.46782494,4248,T,C,5
summary.model..coef.6...Pr...z.....355,0.707887466,4295,A,G,4
summary.model..coef.6...Pr...z.....356,0.978297166,4310,A,G,1
summary.model..coef.6...Pr...z.....357,0.980196769,4312,C,T,1
summary.model..coef.6...Pr...z.....358,0.982148872,4313,T,C,1
summary.model..coef.6...Pr...z.....359,0.982476561,4314,TA,T,1
summary.model..coef.6...Pr...z.....360,0.647314827,4336,T,C,15
summary.model..coef.6...Pr...z.....361,0.983817294,4353,T,C,2
summary.model..coef.6...Pr...z.....362,0.978490948,4363,T,C,1
summary.model..coef.6...Pr...z.....363,0.467667905,4370,T,C,2
summary.model..coef.6...Pr...z.....364,0.982598392,4418,T,C,1
summary.model..coef.6...Pr...z.....365,0.979541243,4452,T,C,1
summary.model..coef.6...Pr...z.....366,0.506974315,4491,G,A,3
summary.model..coef.6...Pr...z.....367,0.979170017,4499,C,T,1
summary.model..coef.6...Pr...z.....368,0.982421396,4512,G,A,1
summary.model..coef.6...Pr...z.....369,0.779695958,4529,A,T,27
summary.model..coef.6...Pr...z.....370,0.960492213,4553,T,C,5
summary.model..coef.6...Pr...z.....371,0.560784869,4561,T,C,15
summary.model..coef.6...Pr...z.....372,0.979898859,4562,A,G,1
summary.model..coef.6...Pr...z.....373,0.374229505,4577,C,T,2
summary.model..coef.6...Pr...z.....374,0.936482395,4580,G,A,29
summary.model..coef.6...Pr...z.....375,0.981084058,4586,T,C,2
summary.model..coef.6...Pr...z.....376,0.982686659,4592,T,C,1
summary.model..coef.6...Pr...z.....377,0.982416819,4634,T,C,1
summary.model..coef.6...Pr...z.....378,0.487099255,4639,T,C,7
summary.model..coef.6...Pr...z.....379,0.982578863,4640,C,A,1
summary.model..coef.6...Pr...z.....380,0.526150878,4646,T,C,15
summary.model..coef.6...Pr...z.....381,0.980314021,4652,C,T,1
summary.model..coef.6...Pr...z.....382,0.982873836,4655,G,A,1
summary.model..coef.6...Pr...z.....383,0.978975749,4659,G,A,1
summary.model..coef.6...Pr...z.....384,0.980294602,4679,T,C,1
summary.model..coef.6...Pr...z.....385,0.434951432,4688,T,C,5
summary.model..coef.6...Pr...z.....386,0.980856144,4695,T,C,1
summary.model..coef.6...Pr...z.....387,0.922544368,4703,T,C,4
summary.model..coef.6...Pr...z.....388,0.976643271,4715,A,G,4
summary.model..coef.6...Pr...z.....389,0.403632572,4727,A,G,15
summary.model..coef.6...Pr...z.....390,0.9794037,4732,A,G,6
summary.model..coef.6...Pr...z.....391,0.090941155,4733,T,C,5
summary.model..coef.6...Pr...z.....392,0.849791853,4735,C,A,5
summary.model..coef.6...Pr...z.....393,0.275294693,4736,T,C,2
summary.model..coef.6...Pr...z.....394,0.671647185,4745,A,G,5
summary.model..coef.6...Pr...z.....395,0.982204189,4748,C,T,1
summary.model..coef.6...Pr...z.....396,0.981588737,4763,C,A,1
summary.model..coef.6...Pr...z.....397,0.668253254,4767,A,G,3
summary.model..coef.6...Pr...z.....398,0.757972495,4769,A,G,790
summary.model..coef.6...Pr...z.....399,0.983027627,4772,T,C,1
summary.model..coef.6...Pr...z.....400,0.97939147,4790,A,G,1
summary.model..coef.6...Pr...z.....401,0.655859423,4793,A,G,11
summary.model..coef.6...Pr...z.....402,0.980343146,4796,C,T,2
summary.model..coef.6...Pr...z.....403,0.981364315,4811,A,G,2
summary.model..coef.6...Pr...z.....404,0.393778069,4820,G,A,6
summary.model..coef.6...Pr...z.....405,0.856369193,4824,A,G,6
summary.model..coef.6...Pr...z.....406,0.981836011,4838,T,C,1
summary.model..coef.6...Pr...z.....407,0.982705669,4843,C,T,1
summary.model..coef.6...Pr...z.....408,0.982767808,4859,T,C,1
summary.model..coef.6...Pr...z.....409,0.979547552,4907,T,C,1
summary.model..coef.6...Pr...z.....410,0.478106256,4917,A,G,83
summary.model..coef.6...Pr...z.....411,0.980122296,4919,C,T,1
summary.model..coef.6...Pr...z.....412,0.983316536,4931,C,T,2
summary.model..coef.6...Pr...z.....413,0.979919283,4959,G,A,1
summary.model..coef.6...Pr...z.....414,0.849791853,4960,C,T,5
summary.model..coef.6...Pr...z.....415,0.68552665,4977,T,C,5
summary.model..coef.6...Pr...z.....416,0.981703892,4991,G,A,1
summary.model..coef.6...Pr...z.....417,0.879556561,5004,T,C,11
summary.model..coef.6...Pr...z.....418,0.97710696,5012,C,T,1
summary.model..coef.6...Pr...z.....419,0.692140549,5027,C,T,3
summary.model..coef.6...Pr...z.....420,0.982935215,5036,A,G,3
summary.model..coef.6...Pr...z.....421,0.988152024,5046,G,A,19
summary.model..coef.6...Pr...z.....422,0.982776059,5051,A,G,1
summary.model..coef.6...Pr...z.....423,0.982295242,5074,T,C,1
summary.model..coef.6...Pr...z.....424,0.976960843,5081,T,C,1
summary.model..coef.6...Pr...z.....425,0.980196769,5096,T,C,1
summary.model..coef.6...Pr...z.....426,0.704603233,5105,T,C,2
summary.model..coef.6...Pr...z.....427,0.979863229,5120,A,G,1
summary.model..coef.6...Pr...z.....428,0.029188894,5147,G,A,45
summary.model..coef.6...Pr...z.....429,0.978675304,5150,C,G,1
summary.model..coef.6...Pr...z.....430,0.369845656,5165,C,T,2
summary.model..coef.6...Pr...z.....431,0.982157734,5166,A,G,1
summary.model..coef.6...Pr...z.....432,0.983960924,5186,A,G,2
summary.model..coef.6...Pr...z.....433,0.339224671,5187,C,T,3
summary.model..coef.6...Pr...z.....434,0.978509808,5196,T,C,1
summary.model..coef.6...Pr...z.....435,0.597388067,5198,A,G,4
summary.model..coef.6...Pr...z.....436,0.788572711,5201,T,C,2
summary.model..coef.6...Pr...z.....437,0.981639415,5231,G,A,5
summary.model..coef.6...Pr...z.....438,0.981479215,5237,G,A,2
summary.model..coef.6...Pr...z.....439,0.979671673,5240,A,G,3
summary.model..coef.6...Pr...z.....440,0.599117889,5250,T,C,3
summary.model..coef.6...Pr...z.....441,0.980093737,5252,G,A,2
summary.model..coef.6...Pr...z.....442,0.983312651,5261,G,A,2
summary.model..coef.6...Pr...z.....443,0.978543895,5262,G,A,2
summary.model..coef.6...Pr...z.....444,0.975346632,5263,C,T,3
summary.model..coef.6...Pr...z.....445,0.7451785,5277,T,C,4
summary.model..coef.6...Pr...z.....446,0.982462182,5285,A,G,1
summary.model..coef.6...Pr...z.....447,0.981588737,5309,C,G,1
summary.model..coef.6...Pr...z.....448,0.980559581,5315,A,G,2
summary.model..coef.6...Pr...z.....449,0.736944052,5319,A,G,2
summary.model..coef.6...Pr...z.....450,0.982157532,5322,A,C,1
summary.model..coef.6...Pr...z.....451,0.467667905,5331,C,A,2
summary.model..coef.6...Pr...z.....452,0.977888602,5348,C,T,3
summary.model..coef.6...Pr...z.....453,0.965537395,5351,A,G,3
summary.model..coef.6...Pr...z.....454,0.9778133,5360,C,T,3
summary.model..coef.6...Pr...z.....455,0.977140451,5366,C,A,1
summary.model..coef.6...Pr...z.....456,0.98030653,5375,C,T,1
summary.model..coef.6...Pr...z.....457,0.407948474,5390,A,G,11
summary.model..coef.6...Pr...z.....458,0.991016461,5393,T,C,5
summary.model..coef.6...Pr...z.....459,0.982890715,5408,A,G,1
summary.model..coef.6...Pr...z.....460,0.979092598,5411,A,G,1
summary.model..coef.6...Pr...z.....461,0.979760596,5414,A,G,1
summary.model..coef.6...Pr...z.....462,0.981892642,5417,G,A,1
summary.model..coef.6...Pr...z.....463,0.826632661,5426,T,C,16
summary.model..coef.6...Pr...z.....464,0.981687982,5437,C,T,1
summary.model..coef.6...Pr...z.....465,0.944625245,5442,T,C,2
summary.model..coef.6...Pr...z.....466,0.982773901,5447,C,T,1
summary.model..coef.6...Pr...z.....467,0.980243337,5450,C,T,1
summary.model..coef.6...Pr...z.....468,0.445149889,5460,G,A,36
summary.model..coef.6...Pr...z.....469,0.794616071,5463,C,T,2
summary.model..coef.6...Pr...z.....470,0.994902609,5471,G,A,8
summary.model..coef.6...Pr...z.....471,0.97733498,5492,T,C,2
summary.model..coef.6...Pr...z.....472,0.317091877,5495,T,C,13
summary.model..coef.6...Pr...z.....473,0.982247069,5498,A,G,1
summary.model..coef.6...Pr...z.....474,0.977756265,5512,A,G,1
summary.model..coef.6...Pr...z.....475,0.980345462,5527,A,G,1
summary.model..coef.6...Pr...z.....476,0.981559106,5553,T,C,2
summary.model..coef.6...Pr...z.....477,0.979760596,5558,A,G,1
summary.model..coef.6...Pr...z.....478,0.979164428,5580,T,C,3
summary.model..coef.6...Pr...z.....479,0.98314749,5581,A,G,2
summary.model..coef.6...Pr...z.....480,0.978731667,5583,C,T,1
summary.model..coef.6...Pr...z.....481,0.975986954,5585,G,A,4
summary.model..coef.6...Pr...z.....482,0.240819856,5600,A,G,2
summary.model..coef.6...Pr...z.....483,0.975636793,5601,C,T,3
summary.model..coef.6...Pr...z.....484,0.980196769,5603,C,T,1
summary.model..coef.6...Pr...z.....485,0.719869562,5633,C,T,6
summary.model..coef.6...Pr...z.....486,0.98030653,5640,A,G,1
summary.model..coef.6...Pr...z.....487,0.982935215,5655,T,C,3
summary.model..coef.6...Pr...z.....488,0.33843438,5656,A,G,10
summary.model..coef.6...Pr...z.....489,0.980421037,5686,A,T,2
summary.model..coef.6...Pr...z.....490,0.982548225,5768,G,A,1
summary.model..coef.6...Pr...z.....491,0.525288276,5773,G,A,10
summary.model..coef.6...Pr...z.....492,0.982110656,5774,T,C,1
summary.model..coef.6...Pr...z.....493,0.982361254,5780,G,A,1
summary.model..coef.6...Pr...z.....494,0.977788427,5785,T,C,3
summary.model..coef.6...Pr...z.....495,0.982048524,5786,T,C,1
summary.model..coef.6...Pr...z.....496,0.982839061,5806,T,C,1
summary.model..coef.6...Pr...z.....497,0.979601305,5813,A,G,1
summary.model..coef.6...Pr...z.....498,0.467667905,5814,T,C,2
summary.model..coef.6...Pr...z.....499,0.979738833,5821,G,A,2
summary.model..coef.6...Pr...z.....500,0.979897645,5822,G,A,1
summary.model..coef.6...Pr...z.....501,0.791489735,5836,A,G,3
summary.model..coef.6...Pr...z.....502,0.981872107,5893,C,T,1
summary.model..coef.6...Pr...z.....503,0.983738175,5902,T,C,2
summary.model..coef.6...Pr...z.....504,0.980196769,5911,C,T,1
summary.model..coef.6...Pr...z.....505,0.977099375,5913,G,A,3
summary.model..coef.6...Pr...z.....506,0.980671565,5915,C,T,1
summary.model..coef.6...Pr...z.....507,0.981454904,5951,A,G,3
summary.model..coef.6...Pr...z.....508,0.980062675,5964,T,C,1
summary.model..coef.6...Pr...z.....509,0.982964108,5972,C,T,1
summary.model..coef.6...Pr...z.....510,0.976747542,5973,G,A,1
summary.model..coef.6...Pr...z.....511,0.982166005,5979,G,A,1
summary.model..coef.6...Pr...z.....512,0.976111111,5984,A,G,1
summary.model..coef.6...Pr...z.....513,0.526150878,5999,T,C,15
summary.model..coef.6...Pr...z.....514,0.98018878,6002,A,G,1
summary.model..coef.6...Pr...z.....515,0.977386665,6018,G,A,1
summary.model..coef.6...Pr...z.....516,0.651650513,6023,G,A,7
summary.model..coef.6...Pr...z.....517,0.751840093,6026,G,A,3
summary.model..coef.6...Pr...z.....518,0.980856144,6032,G,A,1
summary.model..coef.6...Pr...z.....519,0.981024678,6040,A,G,1
summary.model..coef.6...Pr...z.....520,0.407948474,6045,C,T,11
summary.model..coef.6...Pr...z.....521,0.526150878,6047,A,G,15
summary.model..coef.6...Pr...z.....522,0.981862347,6060,A,G,1
summary.model..coef.6...Pr...z.....523,0.981032444,6068,C,T,1
summary.model..coef.6...Pr...z.....524,0.976604562,6071,T,C,4
summary.model..coef.6...Pr...z.....525,0.982776059,6092,T,C,1
summary.model..coef.6...Pr...z.....526,0.982377628,6134,C,T,1
summary.model..coef.6...Pr...z.....527,0.981364315,6146,A,G,2
summary.model..coef.6...Pr...z.....528,0.98260921,6150,G,A,1
summary.model..coef.6...Pr...z.....529,0.480444395,6152,T,C,12
summary.model..coef.6...Pr...z.....530,0.979698943,6164,C,T,1
summary.model..coef.6...Pr...z.....531,0.758400723,6173,C,T,3
summary.model..coef.6...Pr...z.....532,0.982119109,6179,G,A,1
summary.model..coef.6...Pr...z.....533,0.420582077,6182,G,A,2
summary.model..coef.6...Pr...z.....534,0.980196769,6185,T,C,1
summary.model..coef.6...Pr...z.....535,0.982529332,6215,C,A,1
summary.model..coef.6...Pr...z.....536,0.744040105,6216,T,C,3
summary.model..coef.6...Pr...z.....537,0.980195312,6237,C,A,1
summary.model..coef.6...Pr...z.....538,0.554705925,6253,T,C,5
summary.model..coef.6...Pr...z.....539,0.963128519,6260,G,A,8
summary.model..coef.6...Pr...z.....540,0.52468885,6261,G,A,8
summary.model..coef.6...Pr...z.....541,0.722976906,6267,G,A,4
summary.model..coef.6...Pr...z.....542,0.981787101,6269,A,C,1
summary.model..coef.6...Pr...z.....543,0.981153022,6272,A,G,2
summary.model..coef.6...Pr...z.....544,0.979466187,6284,A,G,1
summary.model..coef.6...Pr...z.....545,0.576532788,6285,G,A,2
summary.model..coef.6...Pr...z.....546,0.978778284,6293,T,C,2
summary.model..coef.6...Pr...z.....547,0.976991179,6296,C,A,3
summary.model..coef.6...Pr...z.....548,0.981404466,6299,A,G,1
summary.model..coef.6...Pr...z.....549,0.981610308,6323,A,G,2
summary.model..coef.6...Pr...z.....550,0.982110656,6340,C,T,1
summary.model..coef.6...Pr...z.....551,0.981312354,6351,T,C,1
summary.model..coef.6...Pr...z.....552,0.982549835,6359,A,G,2
summary.model..coef.6...Pr...z.....553,0.638000335,6365,T,C,4
summary.model..coef.6...Pr...z.....554,0.981385577,6366,G,A,1
summary.model..coef.6...Pr...z.....555,0.50638804,6371,C,T,9
summary.model..coef.6...Pr...z.....556,0.981480054,6378,T,C,1
summary.model..coef.6...Pr...z.....557,0.743070428,6392,T,C,3
summary.model..coef.6...Pr...z.....558,0.425400798,6413,T,C,5
summary.model..coef.6...Pr...z.....559,0.979643889,6425,T,C,1
summary.model..coef.6...Pr...z.....560,0.977658073,6434,C,T,1
summary.model..coef.6...Pr...z.....561,0.979634102,6446,G,A,1
summary.model..coef.6...Pr...z.....562,0.975463141,6455,C,T,4
summary.model..coef.6...Pr...z.....563,0.760470909,6464,C,A,3
summary.model..coef.6...Pr...z.....564,0.920362536,6473,C,T,6
summary.model..coef.6...Pr...z.....565,0.580877593,6480,G,A,3
summary.model..coef.6...Pr...z.....566,0.7451785,6489,C,A,4
summary.model..coef.6...Pr...z.....567,0.36617606,6518,C,T,5
summary.model..coef.6...Pr...z.....568,0.990386876,6528,C,T,3
summary.model..coef.6...Pr...z.....569,0.982935215,6548,C,T,3
summary.model..coef.6...Pr...z.....570,0.760470909,6554,C,T,3
summary.model..coef.6...Pr...z.....571,0.9811041,6563,C,T,1
summary.model..coef.6...Pr...z.....572,0.978509808,6570,G,T,1
summary.model..coef.6...Pr...z.....573,0.982377628,6605,A,G,1
summary.model..coef.6...Pr...z.....574,0.979872329,6617,C,T,1
summary.model..coef.6...Pr...z.....575,0.736944052,6629,A,G,2
summary.model..coef.6...Pr...z.....576,0.981946871,6647,A,G,1
summary.model..coef.6...Pr...z.....577,0.597198581,6671,T,C,2
summary.model..coef.6...Pr...z.....578,0.973558843,6680,T,C,5
summary.model..coef.6...Pr...z.....579,0.981792677,6681,T,C,1
summary.model..coef.6...Pr...z.....580,0.982568493,6683,C,T,1
summary.model..coef.6...Pr...z.....581,0.497760112,6710,A,G,2
summary.model..coef.6...Pr...z.....582,0.467667905,6713,C,T,2
summary.model..coef.6...Pr...z.....583,0.882135808,6719,T,C,5
summary.model..coef.6...Pr...z.....584,0.243687957,6722,G,A,2
summary.model..coef.6...Pr...z.....585,0.690646086,6734,G,A,8
summary.model..coef.6...Pr...z.....586,0.981913265,6743,T,C,1
summary.model..coef.6...Pr...z.....587,0.3451968,6752,A,G,2
summary.model..coef.6...Pr...z.....588,0.200005959,6755,G,A,2
summary.model..coef.6...Pr...z.....589,0.982334934,6767,A,G,1
summary.model..coef.6...Pr...z.....590,0.6408044,6776,T,C,36
summary.model..coef.6...Pr...z.....591,0.983076571,6791,A,G,1
summary.model..coef.6...Pr...z.....592,0.979732102,6800,A,G,1
summary.model..coef.6...Pr...z.....593,0.980445734,6806,A,G,1
summary.model..coef.6...Pr...z.....594,0.980204832,6809,A,G,1
summary.model..coef.6...Pr...z.....595,0.535539382,6827,T,C,4
summary.model..coef.6...Pr...z.....596,0.982247069,6842,T,C,1
summary.model..coef.6...Pr...z.....597,0.979894707,6845,C,T,1
summary.model..coef.6...Pr...z.....598,0.979409458,6869,C,T,1
summary.model..coef.6...Pr...z.....599,0.9828809,6896,T,C,1
summary.model..coef.6...Pr...z.....600,0.978739427,6899,G,A,2
summary.model..coef.6...Pr...z.....601,0.794616071,6911,T,C,2
summary.model..coef.6...Pr...z.....602,0.981492855,6917,G,A,1
summary.model..coef.6...Pr...z.....603,0.979462503,6951,G,A,1
summary.model..coef.6...Pr...z.....604,0.319979856,6956,T,C,2
summary.model..coef.6...Pr...z.....605,0.980765137,6965,T,C,1
summary.model..coef.6...Pr...z.....606,0.982660136,6975,T,C,1
summary.model..coef.6...Pr...z.....607,0.982935215,6989,A,G,3
summary.model..coef.6...Pr...z.....608,0.974310665,7013,G,A,4
summary.model..coef.6...Pr...z.....609,0.364683828,7022,T,C,4
summary.model..coef.6...Pr...z.....610,0.994779434,7028,C,T,488
summary.model..coef.6...Pr...z.....611,0.979876137,7049,A,G,1
summary.model..coef.6...Pr...z.....612,0.618937907,7055,A,G,9
summary.model..coef.6...Pr...z.....613,0.981986978,7058,T,C,1
summary.model..coef.6...Pr...z.....614,0.080812927,7080,T,C,3
summary.model..coef.6...Pr...z.....615,0.979919283,7118,A,G,1
summary.model..coef.6...Pr...z.....616,0.982447726,7124,A,G,2
summary.model..coef.6...Pr...z.....617,0.596780621,7142,T,C,3
summary.model..coef.6...Pr...z.....618,0.980961501,7146,A,G,7
summary.model..coef.6...Pr...z.....619,0.982599375,7151,C,T,2
summary.model..coef.6...Pr...z.....620,0.980856144,7153,T,C,1
summary.model..coef.6...Pr...z.....621,0.980445734,7158,A,G,1
summary.model..coef.6...Pr...z.....622,0.982411345,7170,C,T,1
summary.model..coef.6...Pr...z.....623,0.080775532,7175,T,C,5
summary.model..coef.6...Pr...z.....624,0.489804296,7184,A,G,2
summary.model..coef.6...Pr...z.....625,0.976643271,7196,C,A,4
summary.model..coef.6...Pr...z.....626,0.755073365,7211,G,A,2
summary.model..coef.6...Pr...z.....627,0.982611371,7220,T,C,1
summary.model..coef.6...Pr...z.....628,0.981697846,7241,A,G,2
summary.model..coef.6...Pr...z.....629,0.976796186,7249,C,T,1
summary.model..coef.6...Pr...z.....630,0.896433234,7256,C,T,15
summary.model..coef.6...Pr...z.....631,0.979332509,7258,T,C,1
summary.model..coef.6...Pr...z.....632,0.982529332,7270,T,C,1
summary.model..coef.6...Pr...z.....633,0.080775532,7274,C,T,5
summary.model..coef.6...Pr...z.....634,0.979541243,7309,T,C,1
summary.model..coef.6...Pr...z.....635,0.977753839,7313,C,T,1
summary.model..coef.6...Pr...z.....636,0.980122296,7316,G,A,1
summary.model..coef.6...Pr...z.....637,0.94957707,7337,G,A,12
summary.model..coef.6...Pr...z.....638,0.981801473,7340,G,A,1
summary.model..coef.6...Pr...z.....639,0.978987294,7348,T,C,1
summary.model..coef.6...Pr...z.....640,0.982042241,7354,T,C,1
summary.model..coef.6...Pr...z.....641,0.982589145,7364,A,G,1
summary.model..coef.6...Pr...z.....642,0.979637334,7385,A,G,1
summary.model..coef.6...Pr...z.....643,0.974090927,7389,T,C,6
summary.model..coef.6...Pr...z.....644,0.982148872,7403,A,G,1
summary.model..coef.6...Pr...z.....645,0.978190486,7424,A,G,3
summary.model..coef.6...Pr...z.....646,0.983567603,7444,G,A,2
summary.model..coef.6...Pr...z.....647,0.982911123,7465,AC,A,1
summary.model..coef.6...Pr...z.....648,0.978661051,7471,C,T,3
summary.model..coef.6...Pr...z.....649,0.982222681,7473,A,G,1
summary.model..coef.6...Pr...z.....650,0.700054504,7476,C,T,14
summary.model..coef.6...Pr...z.....651,0.980143396,7493,C,T,1
summary.model..coef.6...Pr...z.....652,0.981492855,7498,G,A,1
summary.model..coef.6...Pr...z.....653,0.982529442,7514,CA,C,1
summary.model..coef.6...Pr...z.....654,0.963836596,7521,G,A,16
summary.model..coef.6...Pr...z.....655,0.982209109,7559,A,G,1
summary.model..coef.6...Pr...z.....656,0.979916045,7562,A,G,1
summary.model..coef.6...Pr...z.....657,0.982148872,7569,A,G,1
summary.model..coef.6...Pr...z.....658,0.977674873,7570,A,G,1
summary.model..coef.6...Pr...z.....659,0.981703892,7581,T,C,1
summary.model..coef.6...Pr...z.....660,0.98289784,7598,G,A,2
summary.model..coef.6...Pr...z.....661,0.982225783,7600,G,A,1
summary.model..coef.6...Pr...z.....662,0.982402869,7610,C,T,1
summary.model..coef.6...Pr...z.....663,0.983567603,7621,T,C,2
summary.model..coef.6...Pr...z.....664,0.653450975,7624,T,A,3
summary.model..coef.6...Pr...z.....665,0.978952432,7632,T,C,1
summary.model..coef.6...Pr...z.....666,0.97762239,7642,G,A,1
summary.model..coef.6...Pr...z.....667,0.197002759,7645,T,C,5
summary.model..coef.6...Pr...z.....668,0.983567603,7678,T,C,2
summary.model..coef.6...Pr...z.....669,0.982618493,7684,T,C,2
summary.model..coef.6...Pr...z.....670,0.979834979,7690,C,T,1
summary.model..coef.6...Pr...z.....671,0.758714394,7705,T,C,6
summary.model..coef.6...Pr...z.....672,0.979747234,7711,T,C,1
summary.model..coef.6...Pr...z.....673,0.213988547,7768,A,G,21
summary.model..coef.6...Pr...z.....674,0.080775532,7771,A,G,5
summary.model..coef.6...Pr...z.....675,0.422013626,7775,G,A,2
summary.model..coef.6...Pr...z.....676,0.691829736,7789,G,A,9
summary.model..coef.6...Pr...z.....677,0.356691034,7792,C,T,2
summary.model..coef.6...Pr...z.....678,0.568353524,7805,G,A,2
summary.model..coef.6...Pr...z.....679,0.975636793,7819,C,A,3
summary.model..coef.6...Pr...z.....680,0.98216802,7826,C,T,1
summary.model..coef.6...Pr...z.....681,0.982402667,7830,G,A,1
summary.model..coef.6...Pr...z.....682,0.979052723,7843,A,G,1
summary.model..coef.6...Pr...z.....683,0.982188049,7849,C,T,1
summary.model..coef.6...Pr...z.....684,0.955443257,7853,G,A,3
summary.model..coef.6...Pr...z.....685,0.975660279,7859,G,A,3
summary.model..coef.6...Pr...z.....686,0.734766613,7864,C,T,4
summary.model..coef.6...Pr...z.....687,0.982935215,7867,C,T,3
summary.model..coef.6...Pr...z.....688,0.339224671,7873,C,T,3
summary.model..coef.6...Pr...z.....689,0.981872107,7879,A,G,1
summary.model..coef.6...Pr...z.....690,0.981383,7897,G,A,3
summary.model..coef.6...Pr...z.....691,0.98209513,7904,A,G,1
summary.model..coef.6...Pr...z.....692,0.977390562,7912,G,A,1
summary.model..coef.6...Pr...z.....693,0.981492855,7924,C,T,1
summary.model..coef.6...Pr...z.....694,0.553542309,7930,A,T,2
summary.model..coef.6...Pr...z.....695,0.982568292,7934,A,G,1
summary.model..coef.6...Pr...z.....696,0.979386577,7939,C,T,3
summary.model..coef.6...Pr...z.....697,0.97819379,7960,A,G,3
summary.model..coef.6...Pr...z.....698,0.976960843,7961,T,C,1
summary.model..coef.6...Pr...z.....699,0.979876137,7964,T,C,1
summary.model..coef.6...Pr...z.....700,0.983178183,7966,C,T,1
summary.model..coef.6...Pr...z.....701,0.979052723,7978,C,T,1
summary.model..coef.6...Pr...z.....702,0.981415707,7979,G,A,1
summary.model..coef.6...Pr...z.....703,0.982042241,7984,G,A,1
summary.model..coef.6...Pr...z.....704,0.982621406,8008,A,G,1
summary.model..coef.6...Pr...z.....705,0.536429184,8014,A,T,4
summary.model..coef.6...Pr...z.....706,0.981892642,8022,T,C,1
summary.model..coef.6...Pr...z.....707,0.98209513,8026,A,T,1
summary.model..coef.6...Pr...z.....708,0.41148304,8027,G,A,8
summary.model..coef.6...Pr...z.....709,0.978901566,8063,T,C,1
summary.model..coef.6...Pr...z.....710,0.467667905,8080,C,T,2
summary.model..coef.6...Pr...z.....711,0.982132384,8087,T,C,2
summary.model..coef.6...Pr...z.....712,0.979890603,8093,T,C,1
summary.model..coef.6...Pr...z.....713,0.979052723,8104,T,C,1
summary.model..coef.6...Pr...z.....714,0.982773901,8108,A,G,1
summary.model..coef.6...Pr...z.....715,0.9778133,8137,C,T,3
summary.model..coef.6...Pr...z.....716,0.980102091,8140,C,A,1
summary.model..coef.6...Pr...z.....717,0.979471148,8149,A,G,1
summary.model..coef.6...Pr...z.....718,0.981738677,8155,G,A,1
summary.model..coef.6...Pr...z.....719,0.980243337,8161,C,T,1
summary.model..coef.6...Pr...z.....720,0.980632774,8167,T,C,1
summary.model..coef.6...Pr...z.....721,0.982468631,8170,A,G,1
summary.model..coef.6...Pr...z.....722,0.980196769,8191,A,G,1
summary.model..coef.6...Pr...z.....723,0.099364006,8206,G,A,8
summary.model..coef.6...Pr...z.....724,0.98216802,8222,T,C,1
summary.model..coef.6...Pr...z.....725,0.981850526,8224,A,G,1
summary.model..coef.6...Pr...z.....726,0.461836577,8227,T,C,2
summary.model..coef.6...Pr...z.....727,0.979898859,8237,A,G,1
summary.model..coef.6...Pr...z.....728,0.982068668,8245,A,G,2
summary.model..coef.6...Pr...z.....729,0.982935215,8248,A,G,3
summary.model..coef.6...Pr...z.....730,0.950684224,8251,G,A,55
summary.model..coef.6...Pr...z.....731,0.337235091,8260,T,C,3
summary.model..coef.6...Pr...z.....732,0.643660383,8269,G,A,20
summary.model..coef.6...Pr...z.....733,0.981620353,8292,G,A,2
summary.model..coef.6...Pr...z.....734,0.977447512,8321,C,T,1
summary.model..coef.6...Pr...z.....735,0.981911085,8337,T,C,1
summary.model..coef.6...Pr...z.....736,0.98177577,8348,A,G,2
summary.model..coef.6...Pr...z.....737,0.467667905,8387,G,A,2
summary.model..coef.6...Pr...z.....738,0.815820601,8392,G,A,3
summary.model..coef.6...Pr...z.....739,0.981731698,8393,C,T,2
summary.model..coef.6...Pr...z.....740,0.979107736,8395,C,T,1
summary.model..coef.6...Pr...z.....741,0.980196769,8428,C,T,1
summary.model..coef.6...Pr...z.....742,0.978661051,8429,C,T,3
summary.model..coef.6...Pr...z.....743,0.982869122,8440,A,G,2
summary.model..coef.6...Pr...z.....744,0.687280548,8448,T,C,15
summary.model..coef.6...Pr...z.....745,0.982660136,8455,C,T,1
summary.model..coef.6...Pr...z.....746,0.980961501,8468,C,T,7
summary.model..coef.6...Pr...z.....747,0.979601305,8470,A,G,1
summary.model..coef.6...Pr...z.....748,0.849791853,8472,C,T,5
summary.model..coef.6...Pr...z.....749,0.873326821,8473,T,C,9
summary.model..coef.6...Pr...z.....750,0.982476561,8477,T,C,1
summary.model..coef.6...Pr...z.....751,0.471234882,8481,C,T,2
summary.model..coef.6...Pr...z.....752,0.980559581,8485,G,A,2
summary.model..coef.6...Pr...z.....753,0.983076571,8503,T,C,1
summary.model..coef.6...Pr...z.....754,0.788572711,8504,T,C,2
summary.model..coef.6...Pr...z.....755,0.981773844,8512,A,G,2
summary.model..coef.6...Pr...z.....756,0.702181758,8519,G,A,6
summary.model..coef.6...Pr...z.....757,0.980806168,8520,A,G,1
summary.model..coef.6...Pr...z.....758,0.982209109,8522,C,T,1
summary.model..coef.6...Pr...z.....759,0.975636793,8527,A,G,3
summary.model..coef.6...Pr...z.....760,0.980977523,8531,A,G,1
summary.model..coef.6...Pr...z.....761,0.197093645,8541,G,A,2
summary.model..coef.6...Pr...z.....762,0.418789862,8545,G,A,2
summary.model..coef.6...Pr...z.....763,0.981636233,8551,T,C,1
summary.model..coef.6...Pr...z.....764,0.754566414,8557,G,A,7
summary.model..coef.6...Pr...z.....765,0.983066781,8563,A,G,1
summary.model..coef.6...Pr...z.....766,0.980196769,8566,A,G,1
summary.model..coef.6...Pr...z.....767,0.980314021,8567,T,C,1
summary.model..coef.6...Pr...z.....768,0.979745458,8572,G,A,1
summary.model..coef.6...Pr...z.....769,0.982549835,8573,G,A,2
summary.model..coef.6...Pr...z.....770,0.981296856,8577,A,G,1
summary.model..coef.6...Pr...z.....771,0.976643271,8584,G,A,4
summary.model..coef.6...Pr...z.....772,0.979534148,8589,A,G,1
summary.model..coef.6...Pr...z.....773,0.687251473,8592,G,A,3
summary.model..coef.6...Pr...z.....774,0.665280532,8601,A,G,2
summary.model..coef.6...Pr...z.....775,0.983256109,8602,T,C,1
summary.model..coef.6...Pr...z.....776,0.979170017,8614,T,C,1
summary.model..coef.6...Pr...z.....777,0.043733628,8616,G,T,4
summary.model..coef.6...Pr...z.....778,0.380293907,8618,T,C,6
summary.model..coef.6...Pr...z.....779,0.982891867,8619,C,T,2
summary.model..coef.6...Pr...z.....780,0.979233571,8634,T,C,2
summary.model..coef.6...Pr...z.....781,0.980052622,8645,A,G,1
summary.model..coef.6...Pr...z.....782,0.383363047,8655,C,T,7
summary.model..coef.6...Pr...z.....783,0.976747542,8659,A,G,2
summary.model..coef.6...Pr...z.....784,0.152599998,8684,C,T,4
summary.model..coef.6...Pr...z.....785,0.450512317,8697,G,A,84
summary.model..coef.6...Pr...z.....786,0.695656984,8701,A,G,46
summary.model..coef.6...Pr...z.....787,0.107505429,8705,T,C,3
summary.model..coef.6...Pr...z.....788,0.979998139,8718,A,G,1
summary.model..coef.6...Pr...z.....789,0.981415707,8724,A,G,1
summary.model..coef.6...Pr...z.....790,0.978509808,8730,A,G,1
summary.model..coef.6...Pr...z.....791,0.977728114,8734,C,A,1
summary.model..coef.6...Pr...z.....792,0.979285281,8740,C,T,1
summary.model..coef.6...Pr...z.....793,0.983125918,8744,T,C,1
summary.model..coef.6...Pr...z.....794,0.97983076,8756,T,C,1
summary.model..coef.6...Pr...z.....795,0.98393469,8768,C,T,2
summary.model..coef.6...Pr...z.....796,0.98270155,8772,T,A,1
summary.model..coef.6...Pr...z.....797,0.979365081,8779,C,T,1
summary.model..coef.6...Pr...z.....798,0.982337881,8788,C,T,1
summary.model..coef.6...Pr...z.....799,0.982410148,8790,G,A,1
summary.model..coef.6...Pr...z.....800,0.981638998,8794,C,T,5
summary.model..coef.6...Pr...z.....801,0.979560357,8803,A,G,1
summary.model..coef.6...Pr...z.....802,0.625129781,8818,C,T,5
summary.model..coef.6...Pr...z.....803,0.98209513,8823,T,C,1
summary.model..coef.6...Pr...z.....804,0.390325517,8836,A,G,5
summary.model..coef.6...Pr...z.....805,0.433707655,8839,G,A,2
summary.model..coef.6...Pr...z.....806,0.982364007,8842,A,C,1
summary.model..coef.6...Pr...z.....807,0.981217233,8843,T,C,2
summary.model..coef.6...Pr...z.....808,0.980120316,8848,T,C,1
summary.model..coef.6...Pr...z.....809,0.98393469,8854,G,A,2
summary.model..coef.6...Pr...z.....810,0.72612384,8856,G,A,2
summary.model..coef.6...Pr...z.....811,0.68442057,8860,A,G,802
summary.model..coef.6...Pr...z.....812,0.983579579,8865,G,A,1
summary.model..coef.6...Pr...z.....813,0.498343649,8869,A,G,4
summary.model..coef.6...Pr...z.....814,0.98195557,8875,T,C,1
summary.model..coef.6...Pr...z.....815,0.982308519,8883,T,C,2
summary.model..coef.6...Pr...z.....816,0.976747542,8887,A,G,2
summary.model..coef.6...Pr...z.....817,0.982651289,8896,G,A,1
summary.model..coef.6...Pr...z.....818,0.978777356,8901,A,G,2
summary.model..coef.6...Pr...z.....819,0.980068836,8908,T,C,1
summary.model..coef.6...Pr...z.....820,0.979285281,8920,G,A,1
summary.model..coef.6...Pr...z.....821,0.981031113,8932,C,T,3
summary.model..coef.6...Pr...z.....822,0.982653054,8934,C,T,1
summary.model..coef.6...Pr...z.....823,0.355711098,8937,T,C,2
summary.model..coef.6...Pr...z.....824,0.977848465,8939,T,C,1
summary.model..coef.6...Pr...z.....825,0.982209892,8940,C,T,1
summary.model..coef.6...Pr...z.....826,0.977949376,8952,T,C,1
summary.model..coef.6...Pr...z.....827,0.982325109,8955,T,C,1
summary.model..coef.6...Pr...z.....828,0.979324695,8974,C,T,1
summary.model..coef.6...Pr...z.....829,0.650182566,8994,G,A,19
summary.model..coef.6...Pr...z.....830,0.981885721,9006,A,G,2
summary.model..coef.6...Pr...z.....831,0.98038233,9007,A,G,1
summary.model..coef.6...Pr...z.....832,0.979895258,9010,G,A,1
summary.model..coef.6...Pr...z.....833,0.977507728,9021,T,C,1
summary.model..coef.6...Pr...z.....834,0.983096103,9039,G,A,2
summary.model..coef.6...Pr...z.....835,0.980876887,9042,C,T,1
summary.model..coef.6...Pr...z.....836,0.979856777,9052,A,G,1
summary.model..coef.6...Pr...z.....837,0.370700091,9053,G,A,2
summary.model..coef.6...Pr...z.....838,0.849877209,9055,G,A,72
summary.model..coef.6...Pr...z.....839,0.983435298,9064,G,A,1
summary.model..coef.6...Pr...z.....840,0.982395816,9066,A,G,1
summary.model..coef.6...Pr...z.....841,0.983307267,9070,T,G,2
summary.model..coef.6...Pr...z.....842,0.97769687,9072,A,G,3
summary.model..coef.6...Pr...z.....843,0.981602222,9081,C,T,1
summary.model..coef.6...Pr...z.....844,0.981556254,9083,T,C,1
summary.model..coef.6...Pr...z.....845,0.977246942,9084,T,C,1
summary.model..coef.6...Pr...z.....846,0.981498197,9088,T,C,1
summary.model..coef.6...Pr...z.....847,0.980117558,9091,A,G,1
summary.model..coef.6...Pr...z.....848,0.976683724,9093,A,G,4
summary.model..coef.6...Pr...z.....849,0.979569469,9095,T,C,1
summary.model..coef.6...Pr...z.....850,0.656830925,9097,A,G,3
summary.model..coef.6...Pr...z.....851,0.982596231,9098,T,C,1
summary.model..coef.6...Pr...z.....852,0.981795036,9100,A,G,1
summary.model..coef.6...Pr...z.....853,0.980366107,9101,T,C,1
summary.model..coef.6...Pr...z.....854,0.980190778,9103,T,C,1
summary.model..coef.6...Pr...z.....855,0.977500618,9110,T,C,1
summary.model..coef.6...Pr...z.....856,0.979426593,9111,T,C,1
summary.model..coef.6...Pr...z.....857,0.982209892,9120,A,G,1
summary.model..coef.6...Pr...z.....858,0.527036221,9123,G,A,13
summary.model..coef.6...Pr...z.....859,0.982651289,9128,T,C,1
summary.model..coef.6...Pr...z.....860,0.977670102,9139,G,A,1
summary.model..coef.6...Pr...z.....861,0.979071246,9148,T,C,2
summary.model..coef.6...Pr...z.....862,0.803543103,9150,A,G,5
summary.model..coef.6...Pr...z.....863,0.981307882,9151,A,G,1
summary.model..coef.6...Pr...z.....864,0.981404466,9157,G,A,1
summary.model..coef.6...Pr...z.....865,0.982464152,9163,G,A,1
summary.model..coef.6...Pr...z.....866,0.978244102,9180,A,G,3
summary.model..coef.6...Pr...z.....867,0.98235335,9181,A,G,2
summary.model..coef.6...Pr...z.....868,0.984278188,9182,G,A,2
summary.model..coef.6...Pr...z.....869,0.977246942,9185,T,G,1
summary.model..coef.6...Pr...z.....870,0.981556254,9192,G,A,1
summary.model..coef.6...Pr...z.....871,0.890651619,9196,G,A,2
summary.model..coef.6...Pr...z.....872,0.982033434,9201,C,T,1
summary.model..coef.6...Pr...z.....873,0.814029343,9221,A,G,9
summary.model..coef.6...Pr...z.....874,0.980369768,9224,T,C,1
summary.model..coef.6...Pr...z.....875,0.982008669,9230,T,C,2
summary.model..coef.6...Pr...z.....876,0.98193185,9242,A,G,1
summary.model..coef.6...Pr...z.....877,0.310751016,9254,A,G,15
summary.model..coef.6...Pr...z.....878,0.383842263,9266,G,A,5
summary.model..coef.6...Pr...z.....879,0.98226929,9287,G,A,1
summary.model..coef.6...Pr...z.....880,0.859634339,9300,G,A,3
summary.model..coef.6...Pr...z.....881,0.977625755,9305,G,A,1
summary.model..coef.6...Pr...z.....882,0.983650102,9316,T,C,2
summary.model..coef.6...Pr...z.....883,0.982424832,9347,A,G,2
summary.model..coef.6...Pr...z.....884,0.499202958,9365,C,T,2
summary.model..coef.6...Pr...z.....885,0.979899672,9366,A,G,1
summary.model..coef.6...Pr...z.....886,0.980527273,9368,A,G,1
summary.model..coef.6...Pr...z.....887,0.982776059,9371,C,T,1
summary.model..coef.6...Pr...z.....888,0.208781212,9377,A,G,2
summary.model..coef.6...Pr...z.....889,0.236619865,9380,G,A,16
summary.model..coef.6...Pr...z.....890,0.98271654,9386,T,C,2
summary.model..coef.6...Pr...z.....891,0.979480451,9389,A,G,1
summary.model..coef.6...Pr...z.....892,0.44331651,9391,C,T,3
summary.model..coef.6...Pr...z.....893,0.9825718,9438,G,A,1
summary.model..coef.6...Pr...z.....894,0.644687976,9449,C,T,6
summary.model..coef.6...Pr...z.....895,0.98238364,9452,G,A,1
summary.model..coef.6...Pr...z.....896,0.979082382,9468,A,G,1
summary.model..coef.6...Pr...z.....897,0.687000411,9477,G,A,63
summary.model..coef.6...Pr...z.....898,0.982560033,9491,A,G,1
summary.model..coef.6...Pr...z.....899,0.311549657,9494,A,G,2
summary.model..coef.6...Pr...z.....900,0.982612354,9497,T,C,1
summary.model..coef.6...Pr...z.....901,0.981028576,9509,T,C,1
summary.model..coef.6...Pr...z.....902,0.983065321,9521,C,T,2
summary.model..coef.6...Pr...z.....903,0.982677434,9527,C,T,1
summary.model..coef.6...Pr...z.....904,0.97983076,9530,T,C,1
summary.model..coef.6...Pr...z.....905,0.983508891,9531,A,G,2
summary.model..coef.6...Pr...z.....906,0.58208055,9540,T,C,47
summary.model..coef.6...Pr...z.....907,0.577294407,9545,A,G,6
summary.model..coef.6...Pr...z.....908,0.391136804,9548,G,A,9
summary.model..coef.6...Pr...z.....909,0.982232317,9554,G,A,1
summary.model..coef.6...Pr...z.....910,0.980926924,9557,C,T,1
summary.model..coef.6...Pr...z.....911,0.983102785,9575,G,A,1
summary.model..coef.6...Pr...z.....912,0.546760328,9581,T,C,2
summary.model..coef.6...Pr...z.....913,0.981296856,9604,A,G,1
summary.model..coef.6...Pr...z.....914,0.982037803,9612,G,A,1
summary.model..coef.6...Pr...z.....915,0.981937643,9615,T,C,1
summary.model..coef.6...Pr...z.....916,0.977848275,9617,A,G,1
summary.model..coef.6...Pr...z.....917,0.982026094,9621,G,A,1
summary.model..coef.6...Pr...z.....918,0.973467303,9632,A,G,4
summary.model..coef.6...Pr...z.....919,0.976657448,9635,A,C,3
summary.model..coef.6...Pr...z.....920,0.981978028,9647,T,C,2
summary.model..coef.6...Pr...z.....921,0.982317644,9656,T,C,1
summary.model..coef.6...Pr...z.....922,0.423731498,9667,A,G,9
summary.model..coef.6...Pr...z.....923,0.977246942,9671,C,T,1
summary.model..coef.6...Pr...z.....924,0.981630459,9682,T,C,1
summary.model..coef.6...Pr...z.....925,0.943736072,9698,T,C,73
summary.model..coef.6...Pr...z.....926,0.405699636,9716,T,C,15
summary.model..coef.6...Pr...z.....927,0.980064217,9725,T,C,1
summary.model..coef.6...Pr...z.....928,0.980204832,9727,C,T,1
summary.model..coef.6...Pr...z.....929,0.982500978,9728,C,T,1
summary.model..coef.6...Pr...z.....930,0.85697422,9755,G,A,6
summary.model..coef.6...Pr...z.....931,0.981755152,9758,T,C,2
summary.model..coef.6...Pr...z.....932,0.977949376,9770,T,C,1
summary.model..coef.6...Pr...z.....933,0.976504473,9804,G,A,3
summary.model..coef.6...Pr...z.....934,0.980876887,9818,C,T,1
summary.model..coef.6...Pr...z.....935,0.98346283,9824,T,C,3
summary.model..coef.6...Pr...z.....936,0.979749929,9836,T,C,2
summary.model..coef.6...Pr...z.....937,0.982773901,9842,A,C,1
summary.model..coef.6...Pr...z.....938,0.979289805,9851,C,T,1
summary.model..coef.6...Pr...z.....939,0.983826248,9861,T,C,2
summary.model..coef.6...Pr...z.....940,0.979993306,9872,A,G,1
summary.model..coef.6...Pr...z.....941,0.152279214,9899,T,C,16
summary.model..coef.6...Pr...z.....942,0.979231289,9923,C,T,1
summary.model..coef.6...Pr...z.....943,0.982462182,9926,A,G,1
summary.model..coef.6...Pr...z.....944,0.728686704,9932,G,A,3
summary.model..coef.6...Pr...z.....945,0.621494068,9947,G,A,7
summary.model..coef.6...Pr...z.....946,0.409587914,9948,G,A,2
summary.model..coef.6...Pr...z.....947,0.946287622,9950,T,C,8
summary.model..coef.6...Pr...z.....948,0.98030653,9957,T,C,1
summary.model..coef.6...Pr...z.....949,0.982375985,9962,G,A,1
summary.model..coef.6...Pr...z.....950,0.849766864,9966,G,A,9
summary.model..coef.6...Pr...z.....951,0.979449905,10003,T,C,1
summary.model..coef.6...Pr...z.....952,0.253613561,10034,T,C,27
summary.model..coef.6...Pr...z.....953,0.978773277,10043,C,G,1
summary.model..coef.6...Pr...z.....954,0.980912237,10044,A,G,5
summary.model..coef.6...Pr...z.....955,0.982249303,10049,A,G,1
summary.model..coef.6...Pr...z.....956,0.568371966,10084,T,C,6
summary.model..coef.6...Pr...z.....957,0.914865387,10086,A,G,4
summary.model..coef.6...Pr...z.....958,0.978523172,10097,A,G,3
summary.model..coef.6...Pr...z.....959,0.604404504,10115,T,C,8
summary.model..coef.6...Pr...z.....960,0.979882049,10130,A,C,1
summary.model..coef.6...Pr...z.....961,0.641939448,10142,C,T,3
summary.model..coef.6...Pr...z.....962,0.982110704,10143,G,A,2
summary.model..coef.6...Pr...z.....963,0.982407203,10154,A,G,1
summary.model..coef.6...Pr...z.....964,0.976837614,10172,G,A,7
summary.model..coef.6...Pr...z.....965,0.97998284,10192,C,T,1
summary.model..coef.6...Pr...z.....966,0.977051074,10202,C,T,1
summary.model..coef.6...Pr...z.....967,0.980228816,10203,G,A,1
summary.model..coef.6...Pr...z.....968,0.552725358,10211,C,T,2
summary.model..coef.6...Pr...z.....969,0.783335623,10217,A,G,3
summary.model..coef.6...Pr...z.....970,0.983323278,10237,T,C,1
summary.model..coef.6...Pr...z.....971,0.114704088,10238,T,C,35
summary.model..coef.6...Pr...z.....972,0.9782857,10256,T,C,1
summary.model..coef.6...Pr...z.....973,0.977619162,10262,A,G,3
summary.model..coef.6...Pr...z.....974,0.295658583,10283,A,G,2
summary.model..coef.6...Pr...z.....975,0.979387141,10289,A,G,3
summary.model..coef.6...Pr...z.....976,0.978826916,10308,C,T,2
summary.model..coef.6...Pr...z.....977,0.976118714,10310,G,A,4
summary.model..coef.6...Pr...z.....978,0.979819599,10320,G,A,1
summary.model..coef.6...Pr...z.....979,0.962463363,10321,T,C,3
summary.model..coef.6...Pr...z.....980,0.979923942,10325,G,A,1
summary.model..coef.6...Pr...z.....981,0.980759586,10345,T,C,2
summary.model..coef.6...Pr...z.....982,0.982157734,10352,A,G,1
summary.model..coef.6...Pr...z.....983,0.451633268,10370,T,C,2
summary.model..coef.6...Pr...z.....984,0.983018237,10373,G,A,2
summary.model..coef.6...Pr...z.....985,0.981002906,10389,T,C,2
summary.model..coef.6...Pr...z.....986,0.980058811,10394,C,T,1
summary.model..coef.6...Pr...z.....987,0.982600553,10397,A,G,1
summary.model..coef.6...Pr...z.....988,0.951382707,10398,A,G,200
summary.model..coef.6...Pr...z.....989,0.568468169,10400,C,T,14
summary.model..coef.6...Pr...z.....990,0.982325799,10410,T,C,2
summary.model..coef.6...Pr...z.....991,0.982020319,10454,T,C,2
summary.model..coef.6...Pr...z.....992,0.449870965,10499,A,G,8
summary.model..coef.6...Pr...z.....993,0.232424851,10506,A,G,4
summary.model..coef.6...Pr...z.....994,0.9803222,10508,C,T,1
summary.model..coef.6...Pr...z.....995,0.982487859,10535,T,C,1
summary.model..coef.6...Pr...z.....996,0.967210586,10550,A,G,68
summary.model..coef.6...Pr...z.....997,0.982107812,10559,A,G,1
summary.model..coef.6...Pr...z.....998,0.983415599,10562,A,G,2
summary.model..coef.6...Pr...z.....999,0.98226929,10583,A,G,1
summary.model..coef.6...Pr...z.....1000,0.814489888,10589,G,A,9
summary.model..coef.6...Pr...z.....1001,0.97998284,10598,A,G,1
summary.model..coef.6...Pr...z.....1002,0.983539727,10604,T,C,2
summary.model..coef.6...Pr...z.....1003,0.983424119,10609,T,C,1
summary.model..coef.6...Pr...z.....1004,0.979712242,10632,T,C,1
summary.model..coef.6...Pr...z.....1005,0.622647041,10640,T,C,3
summary.model..coef.6...Pr...z.....1006,0.110206803,10646,G,A,3
summary.model..coef.6...Pr...z.....1007,0.979054591,10655,C,T,2
summary.model..coef.6...Pr...z.....1008,0.980876887,10664,C,T,1
summary.model..coef.6...Pr...z.....1009,0.97702155,10682,A,G,1
summary.model..coef.6...Pr...z.....1010,0.981850129,10685,G,A,1
summary.model..coef.6...Pr...z.....1011,0.383363047,10688,G,A,7
summary.model..coef.6...Pr...z.....1012,0.982866572,10692,C,T,1
summary.model..coef.6...Pr...z.....1013,0.979958655,10698,C,T,2
summary.model..coef.6...Pr...z.....1014,0.499202958,10733,C,T,2
summary.model..coef.6...Pr...z.....1015,0.979285281,10739,A,G,1
summary.model..coef.6...Pr...z.....1016,0.254297936,10750,A,G,9
summary.model..coef.6...Pr...z.....1017,0.981598225,10771,A,G,2
summary.model..coef.6...Pr...z.....1018,0.982462182,10786,T,C,1
summary.model..coef.6...Pr...z.....1019,0.981707078,10807,A,G,1
summary.model..coef.6...Pr...z.....1020,0.383363047,10810,T,C,7
summary.model..coef.6...Pr...z.....1021,0.882505288,10819,A,G,13
summary.model..coef.6...Pr...z.....1022,0.886258294,10822,C,T,6
summary.model..coef.6...Pr...z.....1023,0.222394595,10828,T,C,3
summary.model..coef.6...Pr...z.....1024,0.979749386,10858,T,C,1
summary.model..coef.6...Pr...z.....1025,0.983439626,10861,T,C,2
summary.model..coef.6...Pr...z.....1026,0.593845271,10873,T,C,47
summary.model..coef.6...Pr...z.....1027,0.437712254,10876,A,G,12
summary.model..coef.6...Pr...z.....1028,0.979092598,10885,T,C,1
summary.model..coef.6...Pr...z.....1029,0.982648533,10899,A,G,1
summary.model..coef.6...Pr...z.....1030,0.783190451,10907,T,C,3
summary.model..coef.6...Pr...z.....1031,0.924143643,10915,T,C,6
summary.model..coef.6...Pr...z.....1032,0.97918867,10922,A,G,1
summary.model..coef.6...Pr...z.....1033,0.980671565,10927,T,C,1
summary.model..coef.6...Pr...z.....1034,0.979941648,10957,A,G,1
summary.model..coef.6...Pr...z.....1035,0.982464152,10972,A,G,1
summary.model..coef.6...Pr...z.....1036,0.194059296,10978,A,G,15
summary.model..coef.6...Pr...z.....1037,0.982345022,10993,G,A,2
summary.model..coef.6...Pr...z.....1038,0.243699907,11002,A,G,4
summary.model..coef.6...Pr...z.....1039,0.983307267,11009,T,C,2
summary.model..coef.6...Pr...z.....1040,0.979483436,11016,G,A,6
summary.model..coef.6...Pr...z.....1041,0.982204189,11023,A,G,1
summary.model..coef.6...Pr...z.....1042,0.972200782,11025,T,C,4
summary.model..coef.6...Pr...z.....1043,0.979995723,11044,C,T,1
summary.model..coef.6...Pr...z.....1044,0.982462744,11050,T,C,1
summary.model..coef.6...Pr...z.....1045,0.982402869,11061,C,T,1
summary.model..coef.6...Pr...z.....1046,0.980129001,11063,C,T,1
summary.model..coef.6...Pr...z.....1047,0.979819599,11065,A,G,1
summary.model..coef.6...Pr...z.....1048,0.981899615,11071,C,T,1
summary.model..coef.6...Pr...z.....1049,0.98094782,11084,A,G,2
summary.model..coef.6...Pr...z.....1050,0.981907408,11087,T,C,2
summary.model..coef.6...Pr...z.....1051,0.982159897,11101,A,G,1
summary.model..coef.6...Pr...z.....1052,0.982839061,11116,T,C,1
summary.model..coef.6...Pr...z.....1053,0.98018878,11143,C,T,1
summary.model..coef.6...Pr...z.....1054,0.979332509,11150,G,A,1
summary.model..coef.6...Pr...z.....1055,0.177410701,11151,C,T,3
summary.model..coef.6...Pr...z.....1056,0.98138424,11152,T,C,5
summary.model..coef.6...Pr...z.....1057,0.982260046,11167,A,G,1
summary.model..coef.6...Pr...z.....1058,0.97973454,11172,A,G,1
summary.model..coef.6...Pr...z.....1059,0.61274029,11176,G,A,5
summary.model..coef.6...Pr...z.....1060,0.440420629,11177,C,T,5
summary.model..coef.6...Pr...z.....1061,0.435606109,11197,C,T,2
summary.model..coef.6...Pr...z.....1062,0.981956356,11204,T,C,1
summary.model..coef.6...Pr...z.....1063,0.979083594,11224,A,G,1
summary.model..coef.6...Pr...z.....1064,0.186145893,11251,A,G,147
summary.model..coef.6...Pr...z.....1065,0.108295947,11253,T,C,9
summary.model..coef.6...Pr...z.....1066,0.981141476,11257,C,T,2
summary.model..coef.6...Pr...z.....1067,0.982399349,11267,A,G,1
summary.model..coef.6...Pr...z.....1068,0.982873528,11296,C,T,1
summary.model..coef.6...Pr...z.....1069,0.967210586,11299,T,C,68
summary.model..coef.6...Pr...z.....1070,0.980989511,11302,C,T,1
summary.model..coef.6...Pr...z.....1071,0.982866572,11326,C,T,1
summary.model..coef.6...Pr...z.....1072,0.980950498,11329,A,G,1
summary.model..coef.6...Pr...z.....1073,0.228766568,11332,C,T,15
summary.model..coef.6...Pr...z.....1074,0.979327736,11339,T,C,5
summary.model..coef.6...Pr...z.....1075,0.711346302,11348,C,T,6
summary.model..coef.6...Pr...z.....1076,0.979919283,11350,A,G,1
summary.model..coef.6...Pr...z.....1077,0.97939147,11365,T,C,1
summary.model..coef.6...Pr...z.....1078,0.255030058,11377,G,A,12
summary.model..coef.6...Pr...z.....1079,0.976692196,11410,T,C,4
summary.model..coef.6...Pr...z.....1080,0.979712242,11428,C,T,1
summary.model..coef.6...Pr...z.....1081,0.977209609,11440,G,A,4
summary.model..coef.6...Pr...z.....1082,0.982529332,11461,A,G,1
summary.model..coef.6...Pr...z.....1083,0.980892225,11465,T,C,2
summary.model..coef.6...Pr...z.....1084,0.841500226,11467,A,G,173
summary.model..coef.6...Pr...z.....1085,0.104813541,11470,A,G,17
summary.model..coef.6...Pr...z.....1086,0.750618429,11485,T,C,10
summary.model..coef.6...Pr...z.....1087,0.979358741,11512,C,T,1
summary.model..coef.6...Pr...z.....1088,0.205204159,11515,C,A,2
summary.model..coef.6...Pr...z.....1089,0.983659566,11518,G,A,2
summary.model..coef.6...Pr...z.....1090,0.981602222,11536,C,T,1
summary.model..coef.6...Pr...z.....1091,0.981498479,11549,C,T,1
summary.model..coef.6...Pr...z.....1092,0.982719382,11551,A,G,2
summary.model..coef.6...Pr...z.....1093,0.979297212,11560,A,G,1
summary.model..coef.6...Pr...z.....1094,0.982402667,11563,C,T,1
summary.model..coef.6...Pr...z.....1095,0.979092598,11566,A,G,1
summary.model..coef.6...Pr...z.....1096,0.982548225,11611,G,A,1
summary.model..coef.6...Pr...z.....1097,0.979876137,11617,T,C,1
summary.model..coef.6...Pr...z.....1098,0.976657448,11623,C,T,3
summary.model..coef.6...Pr...z.....1099,0.982751705,11632,C,T,1
summary.model..coef.6...Pr...z.....1100,0.980876887,11641,A,G,1
summary.model..coef.6...Pr...z.....1101,0.980418383,11647,C,T,2
summary.model..coef.6...Pr...z.....1102,0.513496167,11653,A,G,3
summary.model..coef.6...Pr...z.....1103,0.492571804,11674,C,T,15
summary.model..coef.6...Pr...z.....1104,0.979807908,11698,C,G,1
summary.model..coef.6...Pr...z.....1105,0.630789374,11719,G,A,448
summary.model..coef.6...Pr...z.....1106,0.982092918,11722,T,C,1
summary.model..coef.6...Pr...z.....1107,0.435606109,11732,T,C,2
summary.model..coef.6...Pr...z.....1108,0.98018878,11737,A,G,1
summary.model..coef.6...Pr...z.....1109,0.980393601,11776,T,C,1
summary.model..coef.6...Pr...z.....1110,0.983355577,11788,C,T,2
summary.model..coef.6...Pr...z.....1111,0.719331246,11809,T,C,4
summary.model..coef.6...Pr...z.....1112,0.868109465,11812,A,G,59
summary.model..coef.6...Pr...z.....1113,0.981795036,11824,A,G,1
summary.model..coef.6...Pr...z.....1114,0.903607256,11840,C,T,5
summary.model..coef.6...Pr...z.....1115,0.978953655,11864,T,C,7
summary.model..coef.6...Pr...z.....1116,0.97935108,11869,C,A,1
summary.model..coef.6...Pr...z.....1117,0.979240758,11878,T,C,1
summary.model..coef.6...Pr...z.....1118,0.982905242,11893,A,G,2
summary.model..coef.6...Pr...z.....1119,0.980882696,11896,C,T,1
summary.model..coef.6...Pr...z.....1120,0.976041473,11899,T,C,3
summary.model..coef.6...Pr...z.....1121,0.982317644,11908,A,G,1
summary.model..coef.6...Pr...z.....1122,0.050949947,11914,G,A,50
summary.model..coef.6...Pr...z.....1123,0.201782142,11928,A,G,6
summary.model..coef.6...Pr...z.....1124,0.982873528,11938,C,T,1
summary.model..coef.6...Pr...z.....1125,0.555926976,11944,T,C,9
summary.model..coef.6...Pr...z.....1126,0.857074768,11947,A,G,15
summary.model..coef.6...Pr...z.....1127,0.979542064,11965,C,A,1
summary.model..coef.6...Pr...z.....1128,0.507606189,11969,G,A,2
summary.model..coef.6...Pr...z.....1129,0.983475137,11978,T,A,2
summary.model..coef.6...Pr...z.....1130,0.335649198,12007,G,A,14
summary.model..coef.6...Pr...z.....1131,0.982399349,12010,C,T,1
summary.model..coef.6...Pr...z.....1132,0.982092554,12014,C,T,1
summary.model..coef.6...Pr...z.....1133,0.980989511,12019,C,T,1
summary.model..coef.6...Pr...z.....1134,0.97934148,12061,C,T,1
summary.model..coef.6...Pr...z.....1135,0.979409458,12067,C,T,1
summary.model..coef.6...Pr...z.....1136,0.973467303,12083,T,G,4
summary.model..coef.6...Pr...z.....1137,0.982901532,12084,C,T,1
summary.model..coef.6...Pr...z.....1138,0.390325517,12092,C,T,6
summary.model..coef.6...Pr...z.....1139,0.165470783,12103,C,A,2
summary.model..coef.6...Pr...z.....1140,0.979426593,12123,C,T,2
summary.model..coef.6...Pr...z.....1141,0.617540422,12127,G,A,9
summary.model..coef.6...Pr...z.....1142,0.979600291,12135,C,A,1
summary.model..coef.6...Pr...z.....1143,0.7785832,12136,T,C,4
summary.model..coef.6...Pr...z.....1144,0.977051074,12161,T,C,1
summary.model..coef.6...Pr...z.....1145,0.981527966,12172,A,G,2
summary.model..coef.6...Pr...z.....1146,0.982636542,12188,T,C,1
summary.model..coef.6...Pr...z.....1147,0.180826203,12192,G,A,2
summary.model..coef.6...Pr...z.....1148,0.923116517,12236,G,A,3
summary.model..coef.6...Pr...z.....1149,0.977127857,12239,C,T,1
summary.model..coef.6...Pr...z.....1150,0.979083594,12245,T,C,1
summary.model..coef.6...Pr...z.....1151,0.977140451,12290,A,G,1
summary.model..coef.6...Pr...z.....1152,0.979634102,12297,T,C,1
summary.model..coef.6...Pr...z.....1153,0.841500226,12308,A,G,173
summary.model..coef.6...Pr...z.....1154,0.979732102,12338,T,C,1
summary.model..coef.6...Pr...z.....1155,0.832546063,12346,C,T,5
summary.model..coef.6...Pr...z.....1156,0.650560099,12354,T,C,2
summary.model..coef.6...Pr...z.....1157,0.699920134,12358,A,G,5
summary.model..coef.6...Pr...z.....1158,0.411994356,12363,C,T,2
summary.model..coef.6...Pr...z.....1159,0.841500226,12372,G,A,173
summary.model..coef.6...Pr...z.....1160,0.981423333,12399,C,T,1
summary.model..coef.6...Pr...z.....1161,0.977848465,12401,C,T,1
summary.model..coef.6...Pr...z.....1162,0.977390562,12403,C,T,1
summary.model..coef.6...Pr...z.....1163,0.982042241,12405,C,T,2
summary.model..coef.6...Pr...z.....1164,0.103857457,12406,G,A,5
summary.model..coef.6...Pr...z.....1165,0.492571804,12414,T,C,16
summary.model..coef.6...Pr...z.....1166,0.981110167,12438,T,C,2
summary.model..coef.6...Pr...z.....1167,0.981950962,12441,T,C,2
summary.model..coef.6...Pr...z.....1168,0.980926924,12454,G,A,1
summary.model..coef.6...Pr...z.....1169,0.982336029,12477,T,C,3
summary.model..coef.6...Pr...z.....1170,0.979895258,12490,A,G,1
summary.model..coef.6...Pr...z.....1171,0.980518091,12492,A,T,2
summary.model..coef.6...Pr...z.....1172,0.29916995,12501,G,A,36
summary.model..coef.6...Pr...z.....1173,0.996270619,12519,T,C,4
summary.model..coef.6...Pr...z.....1174,0.977758583,12523,A,G,1
summary.model..coef.6...Pr...z.....1175,0.982600553,12530,A,G,1
summary.model..coef.6...Pr...z.....1176,0.979436108,12534,A,G,1
summary.model..coef.6...Pr...z.....1177,0.976522711,12557,C,T,3
summary.model..coef.6...Pr...z.....1178,0.979807908,12570,A,G,1
summary.model..coef.6...Pr...z.....1179,0.978731667,12599,T,C,1
summary.model..coef.6...Pr...z.....1180,0.98018878,12609,T,C,1
summary.model..coef.6...Pr...z.....1181,0.23393972,12612,A,G,71
summary.model..coef.6...Pr...z.....1182,0.295658583,12616,T,C,2
summary.model..coef.6...Pr...z.....1183,0.763466496,12618,G,A,5
summary.model..coef.6...Pr...z.....1184,0.982410148,12630,G,A,1
summary.model..coef.6...Pr...z.....1185,0.115246838,12634,A,G,4
summary.model..coef.6...Pr...z.....1186,0.504532402,12642,A,G,2
summary.model..coef.6...Pr...z.....1187,0.979600291,12651,G,A,1
summary.model..coef.6...Pr...z.....1188,0.982548225,12681,T,C,1
summary.model..coef.6...Pr...z.....1189,0.982648928,12684,G,A,2
summary.model..coef.6...Pr...z.....1190,0.976578671,12693,A,G,5
summary.model..coef.6...Pr...z.....1191,0.982353434,12696,T,C,5
summary.model..coef.6...Pr...z.....1192,0.174482087,12705,C,T,109
summary.model..coef.6...Pr...z.....1193,0.980876887,12720,A,G,1
summary.model..coef.6...Pr...z.....1194,0.981913265,12732,T,C,1
summary.model..coef.6...Pr...z.....1195,0.983712408,12738,T,G,2
summary.model..coef.6...Pr...z.....1196,0.980019544,12753,A,G,1
summary.model..coef.6...Pr...z.....1197,0.979105952,12756,G,A,1
summary.model..coef.6...Pr...z.....1198,0.980445734,12768,A,G,1
summary.model..coef.6...Pr...z.....1199,0.979118285,12771,G,A,3
summary.model..coef.6...Pr...z.....1200,0.983246518,12792,C,T,1
summary.model..coef.6...Pr...z.....1201,0.990554663,12810,A,G,8
summary.model..coef.6...Pr...z.....1202,0.982914965,12811,T,C,6
summary.model..coef.6...Pr...z.....1203,0.983424119,12820,G,A,1
summary.model..coef.6...Pr...z.....1204,0.390325517,12822,A,G,5
summary.model..coef.6...Pr...z.....1205,0.982648928,12843,T,C,1
summary.model..coef.6...Pr...z.....1206,0.385189552,12858,C,T,2
summary.model..coef.6...Pr...z.....1207,0.981956356,12870,C,T,1
summary.model..coef.6...Pr...z.....1208,0.980433863,12873,T,C,1
summary.model..coef.6...Pr...z.....1209,0.395518323,12879,T,C,2
summary.model..coef.6...Pr...z.....1210,0.983424119,12882,C,T,1
summary.model..coef.6...Pr...z.....1211,0.97973454,12894,A,G,1
summary.model..coef.6...Pr...z.....1212,0.982247069,12904,A,G,1
summary.model..coef.6...Pr...z.....1213,0.982251204,12923,G,T,1
summary.model..coef.6...Pr...z.....1214,0.977301231,12937,A,G,4
summary.model..coef.6...Pr...z.....1215,0.72612384,12948,A,G,2
summary.model..coef.6...Pr...z.....1216,0.194059296,12954,T,C,15
summary.model..coef.6...Pr...z.....1217,0.980079243,12961,A,G,1
summary.model..coef.6...Pr...z.....1218,0.981686393,12975,A,G,1
summary.model..coef.6...Pr...z.....1219,0.982393853,12976,C,T,1
summary.model..coef.6...Pr...z.....1220,0.982050723,13002,C,A,1
summary.model..coef.6...Pr...z.....1221,0.60764408,13015,T,C,2
summary.model..coef.6...Pr...z.....1222,0.977619162,13017,A,G,3
summary.model..coef.6...Pr...z.....1223,0.97727846,13032,A,G,1
summary.model..coef.6...Pr...z.....1224,0.982733242,13035,C,T,1
summary.model..coef.6...Pr...z.....1225,0.980342103,13059,C,T,1
summary.model..coef.6...Pr...z.....1226,0.982110656,13062,A,T,1
summary.model..coef.6...Pr...z.....1227,0.980685105,13092,A,G,1
summary.model..coef.6...Pr...z.....1228,0.610605593,13095,T,C,3
summary.model..coef.6...Pr...z.....1229,0.979749386,13098,A,G,1
summary.model..coef.6...Pr...z.....1230,0.395518323,13104,A,G,2
summary.model..coef.6...Pr...z.....1231,0.926119567,13105,A,G,25
summary.model..coef.6...Pr...z.....1232,0.979947415,13111,T,C,1
summary.model..coef.6...Pr...z.....1233,0.979534148,13117,A,G,1
summary.model..coef.6...Pr...z.....1234,0.390325517,13129,C,T,5
summary.model..coef.6...Pr...z.....1235,0.976173976,13135,G,A,4
summary.model..coef.6...Pr...z.....1236,0.083701976,13145,G,A,4
summary.model..coef.6...Pr...z.....1237,0.979527788,13146,C,T,1
summary.model..coef.6...Pr...z.....1238,0.982428489,13162,C,T,1
summary.model..coef.6...Pr...z.....1239,0.843132802,13167,A,G,2
summary.model..coef.6...Pr...z.....1240,0.976802105,13188,C,T,4
summary.model..coef.6...Pr...z.....1241,0.983102785,13194,G,A,2
summary.model..coef.6...Pr...z.....1242,0.981089638,13215,T,C,1
summary.model..coef.6...Pr...z.....1243,0.97835338,13224,T,C,2
summary.model..coef.6...Pr...z.....1244,0.982214712,13260,T,C,1
summary.model..coef.6...Pr...z.....1245,0.409096145,13263,A,G,7
summary.model..coef.6...Pr...z.....1246,0.979263917,13272,C,T,1
summary.model..coef.6...Pr...z.....1247,0.980876887,13276,A,G,1
summary.model..coef.6...Pr...z.....1248,0.981850129,13281,T,C,1
summary.model..coef.6...Pr...z.....1249,0.980819447,13293,C,T,1
summary.model..coef.6...Pr...z.....1250,0.981555452,13303,C,T,1
summary.model..coef.6...Pr...z.....1251,0.98393469,13308,A,G,2
summary.model..coef.6...Pr...z.....1252,0.978773277,13323,C,T,1
summary.model..coef.6...Pr...z.....1253,0.264331434,13326,T,C,5
summary.model..coef.6...Pr...z.....1254,0.977538178,13344,A,G,1
summary.model..coef.6...Pr...z.....1255,0.982158129,13350,A,G,1
summary.model..coef.6...Pr...z.....1256,0.98261356,13351,C,T,1
summary.model..coef.6...Pr...z.....1257,0.979083594,13359,G,A,1
summary.model..coef.6...Pr...z.....1258,0.538126147,13368,G,A,80
summary.model..coef.6...Pr...z.....1259,0.98034097,13392,T,C,1
summary.model..coef.6...Pr...z.....1260,0.981563441,13401,T,C,1
summary.model..coef.6...Pr...z.....1261,0.947091647,13404,T,C,2
summary.model..coef.6...Pr...z.....1262,0.983102785,13422,A,G,1
summary.model..coef.6...Pr...z.....1263,0.979299484,13434,A,G,1
summary.model..coef.6...Pr...z.....1264,0.977756265,13437,T,C,1
summary.model..coef.6...Pr...z.....1265,0.982549992,13466,G,A,1
summary.model..coef.6...Pr...z.....1266,0.982680387,13470,A,G,1
summary.model..coef.6...Pr...z.....1267,0.97769687,13485,A,G,3
summary.model..coef.6...Pr...z.....1268,0.97952094,13488,T,C,1
summary.model..coef.6...Pr...z.....1269,0.638256932,13500,T,C,6
summary.model..coef.6...Pr...z.....1270,0.383363047,13506,C,T,7
summary.model..coef.6...Pr...z.....1271,0.979606369,13527,A,G,1
summary.model..coef.6...Pr...z.....1272,0.975550369,13528,A,G,3
summary.model..coef.6...Pr...z.....1273,0.982402667,13542,A,G,1
summary.model..coef.6...Pr...z.....1274,0.981388797,13557,A,G,1
summary.model..coef.6...Pr...z.....1275,0.975550369,13565,C,T,3
summary.model..coef.6...Pr...z.....1276,0.97974084,13566,T,C,1
summary.model..coef.6...Pr...z.....1277,0.983705967,13572,T,C,2
summary.model..coef.6...Pr...z.....1278,0.982611371,13581,T,C,1
summary.model..coef.6...Pr...z.....1279,0.833678829,13590,G,A,17
summary.model..coef.6...Pr...z.....1280,0.712375714,13617,T,C,64
summary.model..coef.6...Pr...z.....1281,0.513496167,13630,A,G,3
summary.model..coef.6...Pr...z.....1282,0.604257383,13637,A,G,12
summary.model..coef.6...Pr...z.....1283,0.980952055,13641,T,C,1
summary.model..coef.6...Pr...z.....1284,0.314978196,13650,C,T,15
summary.model..coef.6...Pr...z.....1285,0.980068836,13656,T,C,1
summary.model..coef.6...Pr...z.....1286,0.982653054,13668,C,T,1
summary.model..coef.6...Pr...z.....1287,0.604624403,13680,C,T,5
summary.model..coef.6...Pr...z.....1288,0.976188593,13681,A,G,4
summary.model..coef.6...Pr...z.....1289,0.982811998,13707,G,A,1
summary.model..coef.6...Pr...z.....1290,0.288697285,13708,G,A,81
summary.model..coef.6...Pr...z.....1291,0.974352131,13722,A,G,9
summary.model..coef.6...Pr...z.....1292,0.613167675,13734,T,C,11
summary.model..coef.6...Pr...z.....1293,0.903607256,13740,T,C,5
summary.model..coef.6...Pr...z.....1294,0.982317644,13743,T,C,1
summary.model..coef.6...Pr...z.....1295,0.97922401,13753,T,C,1
summary.model..coef.6...Pr...z.....1296,0.315381498,13759,G,A,19
summary.model..coef.6...Pr...z.....1297,0.980411075,13762,T,G,1
summary.model..coef.6...Pr...z.....1298,0.978244102,13768,T,C,3
summary.model..coef.6...Pr...z.....1299,0.085121013,13780,A,G,29
summary.model..coef.6...Pr...z.....1300,0.98270155,13781,T,C,1
summary.model..coef.6...Pr...z.....1301,0.982190807,13782,C,A,1
summary.model..coef.6...Pr...z.....1302,0.506842806,13789,T,C,6
summary.model..coef.6...Pr...z.....1303,0.976578671,13803,A,G,5
summary.model..coef.6...Pr...z.....1304,0.983435298,13813,G,A,1
summary.model..coef.6...Pr...z.....1305,0.979993306,13821,C,T,1
summary.model..coef.6...Pr...z.....1306,0.909891484,13827,A,G,3
summary.model..coef.6...Pr...z.....1307,0.627525616,13830,T,C,4
summary.model..coef.6...Pr...z.....1308,0.980454805,13834,A,G,1
summary.model..coef.6...Pr...z.....1309,0.357552361,13879,T,C,7
summary.model..coef.6...Pr...z.....1310,0.88061205,13880,C,A,3
summary.model..coef.6...Pr...z.....1311,0.981050801,13886,T,C,3
summary.model..coef.6...Pr...z.....1312,0.980369768,13887,A,G,1
summary.model..coef.6...Pr...z.....1313,0.983794844,13889,G,A,3
summary.model..coef.6...Pr...z.....1314,0.982260046,13896,T,C,1
summary.model..coef.6...Pr...z.....1315,0.973375492,13899,T,C,4
summary.model..coef.6...Pr...z.....1316,0.979751459,13911,A,G,1
summary.model..coef.6...Pr...z.....1317,0.72612384,13924,C,T,2
summary.model..coef.6...Pr...z.....1318,0.981946871,13927,A,T,1
summary.model..coef.6...Pr...z.....1319,0.981132843,13928,G,C,5
summary.model..coef.6...Pr...z.....1320,0.97974084,13932,C,T,1
summary.model..coef.6...Pr...z.....1321,0.981850129,13933,A,G,1
summary.model..coef.6...Pr...z.....1322,0.688724589,13934,C,T,23
summary.model..coef.6...Pr...z.....1323,0.982268895,13958,G,C,1
summary.model..coef.6...Pr...z.....1324,0.981475257,13959,C,T,1
summary.model..coef.6...Pr...z.....1325,0.51141986,13965,T,C,4
summary.model..coef.6...Pr...z.....1326,0.005672539,13966,A,G,10
summary.model..coef.6...Pr...z.....1327,0.202014878,13967,C,T,2
summary.model..coef.6...Pr...z.....1328,0.979426593,13973,A,T,1
summary.model..coef.6...Pr...z.....1329,0.97769687,14000,T,A,3
summary.model..coef.6...Pr...z.....1330,0.981885721,14002,A,G,2
summary.model..coef.6...Pr...z.....1331,0.165470783,14003,C,T,2
summary.model..coef.6...Pr...z.....1332,0.980876887,14007,A,G,1
summary.model..coef.6...Pr...z.....1333,0.309747829,14016,G,A,5
summary.model..coef.6...Pr...z.....1334,0.979290595,14020,T,C,1
summary.model..coef.6...Pr...z.....1335,0.977127857,14022,A,G,1
summary.model..coef.6...Pr...z.....1336,0.556469383,14025,T,C,2
summary.model..coef.6...Pr...z.....1337,0.980307033,14030,C,T,1
summary.model..coef.6...Pr...z.....1338,0.982053883,14034,T,C,1
summary.model..coef.6...Pr...z.....1339,0.97935108,14037,A,G,1
summary.model..coef.6...Pr...z.....1340,0.979131687,14040,G,A,4
summary.model..coef.6...Pr...z.....1341,0.980288491,14050,T,G,1
summary.model..coef.6...Pr...z.....1342,0.97885648,14053,A,G,3
summary.model..coef.6...Pr...z.....1343,0.72612384,14059,A,G,2
summary.model..coef.6...Pr...z.....1344,0.983102785,14070,A,G,1
summary.model..coef.6...Pr...z.....1345,0.982495667,14071,A,G,1
summary.model..coef.6...Pr...z.....1346,0.980445734,14088,T,C,1
summary.model..coef.6...Pr...z.....1347,0.344701885,14110,T,C,3
summary.model..coef.6...Pr...z.....1348,0.977571968,14116,C,T,1
summary.model..coef.6...Pr...z.....1349,0.947091647,14125,C,T,2
summary.model..coef.6...Pr...z.....1350,0.982157532,14127,A,G,1
summary.model..coef.6...Pr...z.....1351,0.98393469,14130,C,T,2
summary.model..coef.6...Pr...z.....1352,0.977173997,14133,A,G,8
summary.model..coef.6...Pr...z.....1353,0.345355867,14139,A,G,5
summary.model..coef.6...Pr...z.....1354,0.980678448,14145,A,G,1
summary.model..coef.6...Pr...z.....1355,0.721778754,14148,A,G,3
summary.model..coef.6...Pr...z.....1356,0.979995723,14149,C,T,1
summary.model..coef.6...Pr...z.....1357,0.979560357,14162,G,A,1
summary.model..coef.6...Pr...z.....1358,0.885771787,14167,C,T,69
summary.model..coef.6...Pr...z.....1359,0.460535601,14178,T,C,9
summary.model..coef.6...Pr...z.....1360,0.97789867,14179,A,G,1
summary.model..coef.6...Pr...z.....1361,0.979111507,14180,T,C,3
summary.model..coef.6...Pr...z.....1362,0.497420817,14182,T,C,24
summary.model..coef.6...Pr...z.....1363,0.97936732,14193,A,G,2
summary.model..coef.6...Pr...z.....1364,0.983584606,14198,G,A,2
summary.model..coef.6...Pr...z.....1365,0.977894907,14199,T,C,1
summary.model..coef.6...Pr...z.....1366,0.359491539,14200,T,C,2
summary.model..coef.6...Pr...z.....1367,0.88061205,14203,A,G,3
summary.model..coef.6...Pr...z.....1368,0.867543565,14212,T,C,8
summary.model..coef.6...Pr...z.....1369,0.979607128,14220,A,G,1
summary.model..coef.6...Pr...z.....1370,0.983219056,14221,T,C,1
summary.model..coef.6...Pr...z.....1371,0.892225448,14233,A,G,61
summary.model..coef.6...Pr...z.....1372,0.979083594,14239,C,T,1
summary.model..coef.6...Pr...z.....1373,0.977674873,14245,C,T,1
summary.model..coef.6...Pr...z.....1374,0.380226865,14249,G,A,3
summary.model..coef.6...Pr...z.....1375,0.982375985,14258,G,A,1
summary.model..coef.6...Pr...z.....1376,0.981753956,14259,G,A,1
summary.model..coef.6...Pr...z.....1377,0.98393469,14260,A,G,2
summary.model..coef.6...Pr...z.....1378,0.982331658,14278,T,C,1
summary.model..coef.6...Pr...z.....1379,0.980748419,14281,C,T,1
summary.model..coef.6...Pr...z.....1380,0.981050801,14284,C,T,3
summary.model..coef.6...Pr...z.....1381,0.982881101,14287,T,C,1
summary.model..coef.6...Pr...z.....1382,0.978022212,14296,A,G,1
summary.model..coef.6...Pr...z.....1383,0.979071246,14299,T,C,1
summary.model..coef.6...Pr...z.....1384,0.979649406,14305,G,A,2
summary.model..coef.6...Pr...z.....1385,0.982393079,14308,T,C,2
summary.model..coef.6...Pr...z.....1386,0.982450382,14311,T,C,1
summary.model..coef.6...Pr...z.....1387,0.410783678,14318,T,C,3
summary.model..coef.6...Pr...z.....1388,0.977958813,14319,T,C,1
summary.model..coef.6...Pr...z.....1389,0.980811223,14323,G,A,1
summary.model..coef.6...Pr...z.....1390,0.97727846,14325,T,C,2
summary.model..coef.6...Pr...z.....1391,0.982612354,14332,A,G,1
summary.model..coef.6...Pr...z.....1392,0.982548225,14338,C,T,1
summary.model..coef.6...Pr...z.....1393,0.980366107,14356,C,T,1
summary.model..coef.6...Pr...z.....1394,0.600427127,14364,G,A,4
summary.model..coef.6...Pr...z.....1395,0.362560693,14365,C,T,11
summary.model..coef.6...Pr...z.....1396,0.980276922,14371,T,C,1
summary.model..coef.6...Pr...z.....1397,0.98101092,14374,T,C,2
summary.model..coef.6...Pr...z.....1398,0.929728896,14388,A,G,2
summary.model..coef.6...Pr...z.....1399,0.982548225,14393,A,G,1
summary.model..coef.6...Pr...z.....1400,0.979332509,14410,G,A,1
summary.model..coef.6...Pr...z.....1401,0.98193185,14417,A,G,1
summary.model..coef.6...Pr...z.....1402,0.982866572,14425,C,T,1
summary.model..coef.6...Pr...z.....1403,0.980019544,14488,T,C,1
summary.model..coef.6...Pr...z.....1404,0.982611371,14497,A,G,1
summary.model..coef.6...Pr...z.....1405,0.981999612,14502,T,C,1
summary.model..coef.6...Pr...z.....1406,0.982600553,14518,A,G,1
summary.model..coef.6...Pr...z.....1407,0.693923549,14527,A,G,4
summary.model..coef.6...Pr...z.....1408,0.981760487,14533,C,T,1
summary.model..coef.6...Pr...z.....1409,0.982416819,14544,G,A,1
summary.model..coef.6...Pr...z.....1410,0.506842806,14560,G,A,6
summary.model..coef.6...Pr...z.....1411,0.98199211,14563,C,A,1
summary.model..coef.6...Pr...z.....1412,0.976578671,14566,A,G,5
summary.model..coef.6...Pr...z.....1413,0.578410421,14569,G,A,7
summary.model..coef.6...Pr...z.....1414,0.284712374,14581,T,C,6
summary.model..coef.6...Pr...z.....1415,0.362560693,14582,A,G,11
summary.model..coef.6...Pr...z.....1416,0.116178028,14587,A,G,8
summary.model..coef.6...Pr...z.....1417,0.982410148,14599,A,G,1
summary.model..coef.6...Pr...z.....1418,0.981866336,14602,A,G,1
summary.model..coef.6...Pr...z.....1419,0.228766568,14620,C,T,15
summary.model..coef.6...Pr...z.....1420,0.979995723,14668,C,T,1
summary.model..coef.6...Pr...z.....1421,0.98261356,14684,C,T,1
summary.model..coef.6...Pr...z.....1422,0.446912479,14687,A,G,5
summary.model..coef.6...Pr...z.....1423,0.981504482,14690,A,G,1
summary.model..coef.6...Pr...z.....1424,0.980195312,14693,A,G,1
summary.model..coef.6...Pr...z.....1425,0.980411075,14743,A,G,1
summary.model..coef.6...Pr...z.....1426,0.981956356,14750,A,G,1
summary.model..coef.6...Pr...z.....1427,0.880902824,14766,C,T,441
summary.model..coef.6...Pr...z.....1428,0.588216292,14769,A,G,6
summary.model..coef.6...Pr...z.....1429,0.983052115,14770,C,T,2
summary.model..coef.6...Pr...z.....1430,0.692954453,14783,T,C,15
summary.model..coef.6...Pr...z.....1431,0.815314479,14793,A,G,43
summary.model..coef.6...Pr...z.....1432,0.907833312,14798,T,C,117
summary.model..coef.6...Pr...z.....1433,0.981865972,14809,C,T,1
summary.model..coef.6...Pr...z.....1434,0.97928168,14831,G,A,2
summary.model..coef.6...Pr...z.....1435,0.998301346,14861,G,A,5
summary.model..coef.6...Pr...z.....1436,0.983307267,14866,C,T,2
summary.model..coef.6...Pr...z.....1437,0.979869029,14870,A,G,1
summary.model..coef.6...Pr...z.....1438,0.980395189,14871,T,C,1
summary.model..coef.6...Pr...z.....1439,0.40934692,14872,C,T,6
summary.model..coef.6...Pr...z.....1440,0.165470783,14893,A,G,2
summary.model..coef.6...Pr...z.....1441,0.97975739,14902,C,T,1
summary.model..coef.6...Pr...z.....1442,0.550536826,14905,G,A,87
summary.model..coef.6...Pr...z.....1443,0.97769687,14911,C,T,3
summary.model..coef.6...Pr...z.....1444,0.979269683,14927,A,G,1
summary.model..coef.6...Pr...z.....1445,0.981866336,14947,C,A,1
summary.model..coef.6...Pr...z.....1446,0.976692196,14953,C,T,4
summary.model..coef.6...Pr...z.....1447,0.982325898,14956,T,C,1
summary.model..coef.6...Pr...z.....1448,0.98034097,14965,A,G,1
summary.model..coef.6...Pr...z.....1449,0.072918921,14971,T,C,3
summary.model..coef.6...Pr...z.....1450,0.982548225,15025,C,T,1
summary.model..coef.6...Pr...z.....1451,0.709319256,15028,C,A,4
summary.model..coef.6...Pr...z.....1452,0.045678676,15043,G,A,49
summary.model..coef.6...Pr...z.....1453,0.976360521,15061,A,G,1
summary.model..coef.6...Pr...z.....1454,0.981483516,15067,T,C,2
summary.model..coef.6...Pr...z.....1455,0.98238364,15076,A,G,1
summary.model..coef.6...Pr...z.....1456,0.979534544,15077,G,A,1
summary.model..coef.6...Pr...z.....1457,0.979534544,15103,C,T,1
summary.model..coef.6...Pr...z.....1458,0.981735271,15109,T,C,1
summary.model..coef.6...Pr...z.....1459,0.645974546,15110,G,A,5
summary.model..coef.6...Pr...z.....1460,0.982468092,15113,A,G,1
summary.model..coef.6...Pr...z.....1461,0.464380048,15115,T,C,4
summary.model..coef.6...Pr...z.....1462,0.98226929,15118,A,G,1
summary.model..coef.6...Pr...z.....1463,0.980876887,15136,C,T,1
summary.model..coef.6...Pr...z.....1464,0.395518323,15148,G,A,2
summary.model..coef.6...Pr...z.....1465,0.979547552,15153,G,A,1
summary.model..coef.6...Pr...z.....1466,0.982548225,15160,A,G,1
summary.model..coef.6...Pr...z.....1467,0.982375985,15163,A,G,1
summary.model..coef.6...Pr...z.....1468,0.982389137,15164,T,C,1
summary.model..coef.6...Pr...z.....1469,0.37654289,15172,G,A,6
summary.model..coef.6...Pr...z.....1470,0.982823526,15175,C,T,2
summary.model..coef.6...Pr...z.....1471,0.97731911,15184,T,C,1
summary.model..coef.6...Pr...z.....1472,0.545586136,15191,T,C,4
summary.model..coef.6...Pr...z.....1473,0.923116517,15217,G,A,3
summary.model..coef.6...Pr...z.....1474,0.797199287,15218,A,G,38
summary.model..coef.6...Pr...z.....1475,0.980369768,15222,A,G,1
summary.model..coef.6...Pr...z.....1476,0.980562315,15223,C,T,1
summary.model..coef.6...Pr...z.....1477,0.9810595,15224,C,T,1
summary.model..coef.6...Pr...z.....1478,0.957445645,15226,A,G,3
summary.model..coef.6...Pr...z.....1479,0.981760487,15244,A,G,1
summary.model..coef.6...Pr...z.....1480,0.146715735,15257,G,A,14
summary.model..coef.6...Pr...z.....1481,0.989122777,15262,T,C,3
summary.model..coef.6...Pr...z.....1482,0.980748419,15268,C,T,1
summary.model..coef.6...Pr...z.....1483,0.982568292,15287,T,C,1
summary.model..coef.6...Pr...z.....1484,0.981338865,15289,T,C,2
summary.model..coef.6...Pr...z.....1485,0.97731911,15299,T,C,1
summary.model..coef.6...Pr...z.....1486,0.924155217,15301,G,A,41
summary.model..coef.6...Pr...z.....1487,0.979569469,15308,A,G,1
summary.model..coef.6...Pr...z.....1488,0.982901532,15310,T,C,1
summary.model..coef.6...Pr...z.....1489,0.914865387,15311,A,G,4
summary.model..coef.6...Pr...z.....1490,0.982811998,15314,G,A,1
summary.model..coef.6...Pr...z.....1491,0.980079243,15315,C,T,1
summary.model..coef.6...Pr...z.....1492,0.980680122,15323,G,A,2
summary.model..coef.6...Pr...z.....1493,0.982711821,15325,A,C,1
summary.model..coef.6...Pr...z.....1494,0.141314873,15326,A,G,801
summary.model..coef.6...Pr...z.....1495,0.982705669,15327,C,T,1
summary.model..coef.6...Pr...z.....1496,0.98030653,15349,C,T,1
summary.model..coef.6...Pr...z.....1497,0.982792972,15355,G,A,3
summary.model..coef.6...Pr...z.....1498,0.276823175,15367,C,T,3
summary.model..coef.6...Pr...z.....1499,0.981760487,15391,C,T,1
summary.model..coef.6...Pr...z.....1500,0.094102111,15412,T,C,3
summary.model..coef.6...Pr...z.....1501,0.982048073,15431,G,A,2
summary.model..coef.6...Pr...z.....1502,0.982495667,15440,T,C,1
summary.model..coef.6...Pr...z.....1503,0.981602222,15442,A,G,1
summary.model..coef.6...Pr...z.....1504,0.186145893,15452,C,A,147
summary.model..coef.6...Pr...z.....1505,0.345355867,15454,T,C,5
summary.model..coef.6...Pr...z.....1506,0.977246942,15461,T,C,1
summary.model..coef.6...Pr...z.....1507,0.982023697,15462,T,C,1
summary.model..coef.6...Pr...z.....1508,0.979569469,15463,A,G,1
summary.model..coef.6...Pr...z.....1509,0.979932822,15465,T,C,1
summary.model..coef.6...Pr...z.....1510,0.979732102,15466,G,A,1
summary.model..coef.6...Pr...z.....1511,0.9822068,15470,T,C,1
summary.model..coef.6...Pr...z.....1512,0.980664732,15471,T,C,1
summary.model..coef.6...Pr...z.....1513,0.079869922,15487,A,T,4
summary.model..coef.6...Pr...z.....1514,0.976099005,15497,G,A,4
summary.model..coef.6...Pr...z.....1515,0.342979329,15511,T,C,4
summary.model..coef.6...Pr...z.....1516,0.544012063,15514,T,C,5
summary.model..coef.6...Pr...z.....1517,0.980366107,15519,T,C,1
summary.model..coef.6...Pr...z.....1518,0.427246899,15530,T,C,2
summary.model..coef.6...Pr...z.....1519,0.768820935,15535,C,T,6
summary.model..coef.6...Pr...z.....1520,0.979947415,15553,G,A,1
summary.model..coef.6...Pr...z.....1521,0.981656079,15559,A,G,1
summary.model..coef.6...Pr...z.....1522,0.980477379,15586,T,C,1
summary.model..coef.6...Pr...z.....1523,0.982259264,15596,G,A,1
summary.model..coef.6...Pr...z.....1524,0.98306146,15601,T,C,2
summary.model..coef.6...Pr...z.....1525,0.50026437,15607,A,G,78
summary.model..coef.6...Pr...z.....1526,0.979358741,15617,G,A,1
summary.model..coef.6...Pr...z.....1527,0.98393469,15625,C,T,2
summary.model..coef.6...Pr...z.....1528,0.981760487,15629,T,C,1
summary.model..coef.6...Pr...z.....1529,0.97789867,15632,C,T,1
summary.model..coef.6...Pr...z.....1530,0.979732102,15658,C,T,1
summary.model..coef.6...Pr...z.....1531,0.751952566,15670,T,C,4
summary.model..coef.6...Pr...z.....1532,0.980671565,15671,A,G,1
summary.model..coef.6...Pr...z.....1533,0.983724813,15674,T,C,2
summary.model..coef.6...Pr...z.....1534,0.979807908,15679,A,G,1
summary.model..coef.6...Pr...z.....1535,0.228766568,15693,T,C,15
summary.model..coef.6...Pr...z.....1536,0.982402667,15712,A,G,1
summary.model..coef.6...Pr...z.....1537,0.980252082,15715,A,G,1
summary.model..coef.6...Pr...z.....1538,0.563961073,15721,T,C,4
summary.model..coef.6...Pr...z.....1539,0.97996749,15731,G,A,1
summary.model..coef.6...Pr...z.....1540,0.982159314,15734,G,A,1
summary.model..coef.6...Pr...z.....1541,0.977127857,15746,A,G,1
summary.model..coef.6...Pr...z.....1542,0.971474226,15758,A,G,11
summary.model..coef.6...Pr...z.....1543,0.982890715,15760,C,T,1
summary.model..coef.6...Pr...z.....1544,0.982089767,15766,A,G,1
summary.model..coef.6...Pr...z.....1545,0.98069196,15773,G,A,1
summary.model..coef.6...Pr...z.....1546,0.982325799,15775,A,G,2
summary.model..coef.6...Pr...z.....1547,0.979105952,15779,T,C,1
summary.model..coef.6...Pr...z.....1548,0.982419964,15781,C,T,1
summary.model..coef.6...Pr...z.....1549,0.306681091,15784,T,C,11
summary.model..coef.6...Pr...z.....1550,0.982250291,15787,T,C,1
summary.model..coef.6...Pr...z.....1551,0.984640827,15789,C,T,2
summary.model..coef.6...Pr...z.....1552,0.977658073,15799,A,G,1
summary.model..coef.6...Pr...z.....1553,0.979079712,15812,G,A,6
summary.model..coef.6...Pr...z.....1554,0.979682748,15817,A,G,3
summary.model..coef.6...Pr...z.....1555,0.914865387,15824,A,G,4